Source,Target,Link
00dera,reshest_nigger,237
0nceSaidNah,duffn0beer,206
11pctColonizer,11pctColonizer,112
11wdNICK,11wdNICK,163
12_raheem,12_raheem,122
14Ritsu88,14Ritsu88,130
1783Amer1can,RPetalz,100
1BobbyNeutron,PrinceCharmingP,134
1CountOnQua,AmourLeLover,173
1DarrenHoward,1DarrenHoward,327
1DarrenHoward,karenhunter,141
1G0DBODYZAY,1G0DBODYZAY,255
1RealEstate__P,1RealEstate__P,119
1RealNigger,1RealNigger,128
1StrongBlack1,Eurisko67,130
1aespa,1aespa,120
1boyboy_,1boyboy_,344
1djzaida,1djzaida,119
1gleazy,1gleazy,243
1jiare,1jiare,123
1kevinM,1kevinM,217
1smeed4asuka88,1smeed4asuka88,184
2020istrash2020,2020istrash2020,119
2630j,2630j,160
2HeavyPop,2HeavyPop,269
2Managua,2Managua,114
2hu_polygamist,2hu_polygamist,159
2icyy,FckHowYouFeelFr,194
2kGrinch_,Vohrce,119
2kawt,2kawt,228
2kool_4school,Lola_Sharay,118
2oolucki,2oolucki,194
2turntho,2turntho,140
2twinchoppas,2twinchoppas,101
360Mints,360Mints,142
3O1TY,3O1TY,138
3_HEAVEN3_,3_HEAVEN3_,258
3dwade5,yazziiisharif,169
3f3oghenemena,3f3oghenemena,184
3f3oghenemena,Mizz_Andry00,174
3m481,3m481,150
410Quise,de_ma_co,239
410xkim,1cancr4veyou,111
430LU5,430LU5,213
444XOAM,UGHHKITTY,113
44vntes,44vntes,136
4KJENNIE,4KJENNIE,147
4cusedUptwn,4cusedUptwn,211
4ezine,DRKWINTERTOKYO,120
50shadezoftae,50shadezoftae,122
5thouxanbans,5thouxanbans,246
613gems,yanginwonie,114
666Jefe,deadmanclap,135
6ix0nup,6ix0nup,203
6th_kage,doin_ur_mom_lol,151
747BlackGuy,747BlackGuy,304
747BlackGuy,747Senpai,201
747BlackGuy,_Hercreator,110
747Senpai,drewskism,124
76moxi,76moxi,266
7Astr0,DunkSpider,228
7DayMimikyu,7DayMimikyu,270
7shego,7shego,109
7ssieno,7ssieno,116
808cosmicdates,808cosmicdates,163
80ProofTruth,80ProofTruth,167
82RonaldRegan,sxintsrevenge,112
843KT,843KT,130
89719Avi,bisersi,319
8_BIT_INJUN,hailchrist1933,120
8prettyhaitian,8prettyhaitian,102
90lbs,90lbs,144
90sweekend,SamGichuru,249
99Trinhs,99Trinhs,217
A1Showtime,A1Showtime,143
A3TROTHOT,A3TROTHOT,114
AI_Metro,AI_Metro,108
AJTheManChild,mikenieve,228
AKidNamedDom,AKidNamedDom,127
ALEX5432118,ALEX5432118,131
ALEXANDERATTACK,AwesumAssJosh,119
AMIRAWASHERE,AMIRAWASHERE,129
AManYouLove_T,AManYouLove_T,145
ANTIElLlSH,ANTIElLlSH,326
ASAPSHEMBE,ASAPSHEMBE,126
ASHARKrespecter,ASHARKrespecter,166
ASTR0GIR7,ASTR0GIR7,152
ATSr35,ATSr35,202
AVEFOUR4,AVEFOUR4,182
AZ_Leftist,AZ_Leftist,150
A_HoleAnderson,ZoomerTheosis,158
Aarondadon24,iamKerm,209
AbdiaHighDef,AbdiaHighDef,226
Abiretranki,Abiretranki,184
AceLewdArts,AceLewdArts,199
Ace_Eca4,Ace_Eca4,174
Acham34822762,wbulime,216
ActiveRoberts,ActiveRoberts,104
Adan23180578,Adan23180578,134
Addictedtopiss,Addictedtopiss,629
Addictedtopiss,baIIsinmymouth,833
AddieforADV,JJzXBL,223
AdelesBabyDaddy,masternyobber,195
Adrianooooooooh,Adrianooooooooh,108
Aero36Aero,Aero36Aero,225
AfrikaHot,Tpopularfront,258
AfroNutnut,AfroNutnut,123
AgarthoScythian,Elaoui6,137
Agenttrollface,Agenttrollface,111
Ajess17233685,Ajess17233685,167
AkaiNeeto,AkaiNeeto,271
Akhynusszer,imanlaul,118
AlbionsSneed,AlbionsSneed,195
Alenciaxo,Alenciaxo,141
AleshiaNicole,SweetPea1636,178
AlessioUrban,Califas619,117
AlexB83004963,21Fofo1,130
AlexSan75164110,QuirkSenseii,169
AlexTheEscape,AlexTheEscape,172
AlexTheEscape,uzobaGrand,117
Alexis27954130,ClassifyFN,114
AlhassanAlolo,Fentuo_,168
AllHailPearlie,AllHailPearlie,212
Allan_Keys,NgoveniSbu,139
AlmightySto,AlmightySto,160
Almighty_Loje,Almighty_Loje,271
Alsy_77,DefinedPolitik,164
Always_Wright__,Always_Wright__,167
AmalRashford,AmalRashford,370
AmazonCan,AmazonCan,244
Amber_doll81,Amber_doll81,223
AmericanRhodie,UnvaxxedGoy,307
AmiaahG,AmiaahG,166
AnClimacus,AnClimacus,111
AncapdeistO,0peratUn0rth0,183
AndrewSeumas,AndrewSeumas,111
AngelAA1997,TomlinsonKody,133
AnikiChad,AnikiChad,118
Anitude,boetartois,217
Anointed_Mouf,Anointed_Mouf,214
Antidizy,Antidizy,117
AntoinetteJam3s,AntoinetteJam3s,327
AntyRootz,coolMAFgames,351
Apanage21,Apanage21,138
AppealToPathos,AppealToPathos,122
ApresVictoria,ApresVictoria,205
Ararangina,Ararangina,119
AretasOf,AretasOf,155
ArmanShahmo,ArmanShahmo,217
Armisryvvs,raptvcom,167
ArthurCrown5,omid9,160
ArtistMayaRenee,animegirlsbleed,328
AryanCumSchizo,AryanCumSchizo,152
AsaMonae,AsaMonae,147
AscendedKee,AscendedKee,145
AshleeLennon5,AshleeLennon5,295
Ashrm__,Ashrm__,137
Ashtronomics_,Ashtronomics_,100
Ashyyy___,Ashyyy___,116
AtlantaMasala,AtlantaMasala,120
Atse_Solo,Atse_Solo,135
AudVisuals,AudVisuals,147
AurileusFC,AurileusFC,165
AurileusFC,michaels_hub,171
AvDamba,AvDamba,166
AvgvstvsSecret,AvgvstvsSecret,348
AyOtwist,AyOtwist,207
AydenHawkins11,AydenHawkins11,119
Ayeezy11_,Ayeezy11_,142
AyetemeS,AyetemeS,169
AyimEssien,SneakerNyame_,189
Aynrg4,Aynrg4,139
AyyeeLuv,AyyeeLuv,158
AyyeeLuv,niyahbonet,185
BABYP_,BABYP_,141
BEYBLADE_NIGGA,BEYBLADE_NIGGA,351
BHADDIZ,BHADDIZ,106
BIGBUTTBIMBO,BIGBUTTBIMBO,182
BIGGangladesh,BIGGangladesh,125
BLVCK_PLVT,BLVCK_PLVT,126
BOUGAIUNPOKO,Lexars_JP,155
BRIANZUG4,912CroozeFM,117
BTCWeatherman,BTCWeatherman,143
BTCWeatherman,bensemchee,139
B_Dino313,B_Dino313,361
B_Lewie,B_Lewie,118
Ba_Sitt,Ba_Sitt,152
BabaTreeshLover,BabaTreeshLover,245
BabbyBaluga,BabbyBaluga,207
BabbyBaluga,BoulevardBoi,100
BabbyBaluga,DissidentSoaps,130
BabbyBaluga,OutlawGranny1,130
BadCigarro88,BadCigarro88,111
BadCigarro88,Zambo1488,113
BadGuyfn_,BadGuyfn_,126
BadgeNo04011987,BadgeNo04011987,393
BagnoleRaoul,BPlastoc,101
Bagrationistan,mete_han_tr,134
Baim_Hakani,greeniemations,159
BalChana88,RoccoDesta,221
Baldhedrapunzl8,Baldhedrapunzl8,134
BallatvE,Coster_ZA,139
BallinKoroma1,BallinKoroma1,160
BaltAgePervert,BaltAgePervert,184
Bankio7,Bankio7,100
BantuIqbal,BantuIqbal,291
BantuIqbal,KingMilinda,306
BarbarianFren,VeryNewCommish,109
BarbieDsl2,BarbieDsl2,161
BarnaclesOffici,BarnaclesOffici,182
BasedExpat,BasedExpat,130
BashaOnTheCYX,SoundsLikeDeon,314
BassadoContinuo,BassadoContinuo,121
BassadoContinuo,jawn_117,149
Battlefront2004,Battlefront2004,107
BeardedGoatKlan,SpinnMovieSpot,249
BeeMarciaMoholi,BeeMarciaMoholi,166
BeeduoBrainrots,VeganTeacher82,245
BeeduoBrainrots,clayisdrowning,123
BekayGrace,BekayGrace,161
BericMcTavish,BericMcTavish,118
BholeykaBhakt,updates_frank,118
BiBi196_,BiBi196_,108
BiGBankDev,BiGBankDev,147
BigBadRoman,BigBadRoman,255
BigMoTheCowboy,BigMoTheCowboy,134
BigStefoo,XiNevett,235
BigTJdaGreat,KarlousM,134
Big_Rayo,ThugLife_Back_,152
Biggest_poppi,TheyLuvGlocky,139
Bigsfrmda7,Bigsfrmda7,177
Bigstep88921988,Bigstep88921988,171
Billybillynrly,gothixgf,108
BimboBaggins_69,BimboBaggins_69,214
BiohFah,BiohFah,108
Bitchesmolotte,Bitchesmolotte,124
Bitchesmolotte,bmfmyriontwos,122
BizzerkAlmasy,Less_HumbleTeej,132
BklynBreedGC,BklynBreedGC,232
BklynBreedGC,PersonaSpeaks,117
BlackChrowne,Blob42069,123
BlackGeniusKing,BlackGeniusKing,112
BlackGirICinema,BlackGirICinema,148
BlackHoneyMa,BlackHoneyMa,176
BlackSupremeKai,GumboGoon,122
Blackmamba_Jnr,K24Tv,307
BladeExt,BladeExt,234
Blazeily,noobtay,182
Bloodsugaa,Bloodsugaa,117
BobbyBusmoni,KarmaOneSixOne,130
BoickyH,Alma1981922864,152
BombJackNat,BombJackNat,129
BookOfBran,BookOfBran,121
BookersBurna,PacersGotNext,168
BootednTooted,BootednTooted,261
BootednTooted,GL0RYG1RL,118
BornitaSheena,BornitaSheena,243
BosnianMaxx2,BosnianMaxx2,107
BottinPhilip,BottinPhilip,136
BougieBlackness,BougieBlackness,102
BozoAfrikanus,StupidRtard,227
Br0what,Br0what,227
Bradhell,vavalala1010,179
BrapmasterFlash,BrapmasterFlash,182
Bravo0_6,Bravo0_6,408
Bravo0_6,Exiled_Jason,129
Breadlinetoast,Breadlinetoast,117
BreakfastDude98,BreakfastDude98,221
BrianShauntee,BrianShauntee,161
Brighter1fx,Brighter1fx,111
BrikFlair,BrikFlair,143
BroWhoDis,BroWhoDis,207
BroZamir,BroZamir,127
BroderickB08,Jocsoamazing,234
BroganRamara,LuthandoFuze,154
BrownSkinGirl88,BrownSkinGirl88,161
BrownSundjata,BrownSundjata,294
BrownSundjata,ihatecults567,293
BryantKimani,BryantKimani,243
Bshakes24,Bshakes24,165
BuddhaMichael,stillnaima,147
BuhleNdlovu_,SkedokeemZ,118
BulgingMeatcock,BulgingMeatcock,323
BurEtsi503,BlackTears_SA,113
BurdettemdC,BurdettemdC,129
BusyLia,BusyLia,117
BxPxpi,SupremeDreams_1,183
CAPTAINSHABEEL,CAPTAINSHABEEL,210
CARTERmated,tiroyaonebiggie,303
CBRzyanaiyo,CBRzyanaiyo,130
CGTHEGOAT,CGTHEGOAT,121
COVIDenjoyer,ShadyGrove_,100
CR5_Era,CS904_,138
CS_AshotOF,Stalkerenjoyer9,157
CUNTFUC1US,CUNTFUC1US,323
CalicoBriggz,GooseFrenPHD,121
Calilsant,Calilsant,211
Calvin74364386,MrBure,110
Camila63372737,IvoryJewerly,117
CannibalHitler,CannibalHitler,151
CannibalismP,FrenchDudeD,223
Capodre_,Jkbxrner,150
CaptHughJampton,talkRADIO,235
Captain99071842,IllerateB,154
CarineK,maruuuusch,211
CarlBra36438941,ApartmentBoss,174
Carlslergfan,iiiskrem,150
Cashmanjnr,sigoppyy,237
CcReactive,iwastakenjk,154
Cchaoss1222,Cchaoss1222,310
Cde_Chef,Cde_Chef,146
Celticpapa256,Celticpapa256,140
Ceoofchloe,Ceoofchloe,150
Cesc_lukuko,Cesc_lukuko,117
Chaarab478,Chaarab478,129
ChakaDemusAndN,ChakaDemusAndN,168
ChefRykard,jswmusiq,171
Cherrys_Son,Cherrys_Son,103
ChiefBinedu,ChiefBinedu,121
ChironLIOS,MoilCoOffices,127
ChrisDiss11,ChrisDiss11,134
ChrisPchickn2,mexicanobama2OF,240
ChrisPeriod_,ChrisPeriod_,140
CielEnjoyer,darkemiya,115
CinoOf,IranianKween,179
Circles,Circles,140
CityBureaucrat,CityBureaucrat,104
ClappedChrollo,ClappedChrollo,103
ClapzNemo,EnvyBroly,242
ClapzNemo,fIIyde,242
ClaytonMatomela,deep_narratives,145
Clockworkblcc,Clockworkblcc,324
CoachPazGym,CoachPazGym,106
ColbyNotLopez_,ColbyNotLopez_,108
ConjureManJ,ConjureManJ,136
Cool17Haha,Mitsubaing,167
Cool_Guy410,Cool_Guy410,152
CopperVessel,CopperVessel,132
CorvusRiver,arcticmenace,108
Coster_ZA,Coster_ZA,686
Coster_ZA,GUphinda,373
Coster_ZA,Monnatiiya,130
Coster_ZA,Tumelo_Juniorr,497
Coster_ZA,VoysZA,156
Coster_ZA,getmanixm911,231
Coster_ZA,letsang_B,141
Covid_Variant,Covid_Variant,241
Covid_Variant,IranianKween,108
Crafting6464,Grixi_,173
CrashCFC,CrashCFC,118
Creekistheman,Creekistheman,108
Creolekordei,Creolekordei,146
CrowWhite2,shu27051710,166
CrowdkillsWomen,STIMpai,135
Cthegoat,Cthegoat,154
Cunicularius,Cunicularius,120
Cuntosaur,Cuntosaur,179
Cupcakkedup,Cupcakkedup,132
Cutefunnypilled,Cutefunnypilled,467
Cutefunnypilled,Sigma_Musashi,193
CuttinLikeDJ,CuttinLikeDJ,140
CzArODriego,kulanicool,166
D0ntChange202,ovrkast,109
D1CKSoft,D1CKSoft,130
D1nz_val,artyxv,181
DBrymmez,DBrymmez,145
DCakesss,DCakesss,129
DEFStories,DEFStories,216
DEVlNB00KER,SkySportsPL,135
DEVrockstarr,DEVrockstarr,160
DJA_Tron,__madnorth,111
DJHoodiethegoat,DJHoodiethegoat,133
DJ_Shmood,DJ_Shmood,151
DJigg_,TheHeartPt5,143
DMan6ixx,DMan6ixx,111
DNiceisdaILLEST,DNiceisdaILLEST,237
DOOMSREVENGE,DOOMSREVENGE,164
DRACOfrm29,DRACOfrm29,155
DVNDWNR,DVNDWNR,142
DYEhour,DYEhour,253
DYEhour,notyoubello,494
DaRealFrd,DaRealFrd,130
Da_Riot_,Da_Riot_,165
Da_niggah_dylan,Da_niggah_dylan,146
DaddyLaRue,NRG_Daequann,130
Dagim_Y,AbaaBoraa,126
DamienM51154917,DamienM51154917,119
DanJuma34876536,DanJuma34876536,169
DaniAlKulaty,DaniAlKulaty,130
Danielswithe,Sonnenmensh,130
DannyPhantom89,DJW9100,186
Dannybo47305087,AustinChaseCAW,144
DarAzRaa,javrawr,102
Dark_Revenant69,playboicarti,154
Darkvib6z,Darkvib6z,258
Darronimo,algebra_abc,248
DashDialga,DashDialga,132
Dat1BlackGuy786,Dat1BlackGuy786,112
DaveRoberts9267,DaveRoberts9267,232
DaveRoberts9267,tatis_jr,235
DaveSim25817596,DaveSim25817596,146
DavetheCoolVA,DavetheCoolVA,118
DavidCRussell5,DavidCRussell5,252
DawgAssDiam,vibeswithcee,147
Dazzleyerii,blkwashing,107
DeVineSkin93,DeVineSkin93,106
DecoyGodx,DecoyGodx,149
DeeJayOhenny,DeeJayOhenny,225
DeeMayweather,DeeMayweather,189
DeezyTheSuper,THEBLESSBLOG,107
Dementia3179,ThatOneKidSquid,229
DemonTimeRomz,DemonTimeRomz,203
DeraldWayne,VaushSimp,172
DerkAlmightii,DerkAlmightii,347
DespairNigga,DespairNigga,174
DetasDepression,DetasDepression,110
DevoIaMeIano,DevoIaMeIano,158
DexHinton,DexHinton,126
DeyBeOnANigga_,DeyBeOnANigga_,174
Dezzylicia,mariahharmonyx,141
DiamNdlyne,DiamNdlyne,158
Dick510Rogers,Dick510Rogers,107
Dick_of_a_god,Dick_of_a_god,203
Dick_of_a_god,lagosmasseur,146
Dimejisayso,Dimejisayso,106
DingDong_Jr,DingDong_Jr,117
DiorChriss,KiiGlocc,119
DishCentral,DishCentral,308
Dizzymackk,RIINASTYY,109
DjJiggyJim,yannaajaay,141
DlInterracial,DlInterracial,818
Dlor231,Dlor231,167
Dlphilly2151,Dlphilly2151,168
Dmvmadedrew,Dmvmadedrew,121
DnaMehki,vdaypimp1,161
DoctorAmigo2,AbusaRamiros,213
DodooFN,UnknownxArmy1x,138
DomGar18,Lokii_San,239
DomGar18,g_pensamento,158
DonCubez,firsttilz,129
DonNedved,Triceton14,135
DonQuaye2,2hypeshowboy,104
Donniethedad,ttwstd,166
DontBanMeBinks,DontBanMeBinks,140
DopeQueen_E,StrangeKeith,234
DoritoMuncher69,DoritoMuncher69,146
Dotgerrah,manyasa_brian,134
DrAlexHamilton,DrAlexHamilton,304
DrBaccshots,DrBaccshots,144
DrGrengolis,Lolnonicetry1,128
DrJuma_M,DrJuma_M,129
Dr_Raccoon_Chan,Ozbrah5050,415
Dragkonias,Dragkonias,172
DrawssIimv2,DrawssIimv2,493
DrawssIimv2,Twitter,156
DreadHead1522,DreadHead1522,177
Dreampopbf,Dreampopbf,177
DreemurrAsie,AmperfleX,233
DriftNevsky,MODELIONS,194
Drowzii4,RampageV7,316
DrugAdd31446158,basedkremlin,134
DrunkUncleP,DrunkUncleP,118
Duck691488420,Duck691488420,121
DueSevine,DueSevine,147
DuragFanaticTV,DuragFanaticTV,206
Dutch_PDX,U6lyraccoon,217
DxpeDon,WAVERLYTHEHBIC,119
Dxusha,MGegana7,152
ECAFSpice,ECAFSpice,247
ELL3CFpower,ELL3CFpower,123
EPIPHANYNGGA,EPIPHANYNGGA,147
E_Black_says,ZildjianGirl,179
EariSan_,EariSan_,175
EarlOfGC,EarlOfGC,208
EarthFirstTrip,EarthFirstTrip,167
EdgarTarly,Unearthing_USA,182
Eduardo74403551,Dasgasdom3,194
Edwinw_1997,Edwinw_1997,118
Eimy01200715,Eimy01200715,196
Eimy01200715,gothrap666,246
Eimy01200715,lllbriannnalll,223
ElPrincipePique,notmejackpal,172
ElR3YS1NC0R0NA,jordanbpeterson,233
ElTero38453684,MonicaGandhi9,122
EllisQuailey,EllisQuailey,146
Elohim_J,Elohim_J,239
Elputamadr3,Elputamadr3,108
Elysian__,Elysian__,251
Emery_knz,Emery_knz,108
EmmanuelAmoruwa,jecks4sucess,153
EmpyUnplugged,jamiebu32693787,224
EnderFishyFN,patrix1x,325
EndlessTony,EndlessTony,137
Enemyfascist,Enemyfascist,152
EphraimB,EphraimB,132
Eriittae,Eriittae,136
ErixLillardFan,cerillas_,253
ErlineP,ErlineP,138
Erose70,Erose70,324
Errielle_ET,noaveragebxtch,134
Eshaywaffen,Eshaywaffen,129
EsotericTundra,SitheachReborn,149
Etrouse,Etrouse,323
Europe_Awake_,juyeonspam,130
Evamari07938975,JenDSchneider,129
Evan_Almightee,Evan_Almightee,243
EverIyke1,EverIyke1,414
Exiled_Jason,Exiled_Jason,152
Exothickk,Exothickk,279
Eyes_too_Low,Eyes_too_Low,162
FAIRIESASCEND,FAIRIESASCEND,181
FCBreatheOxygen,FCBreatheOxygen,309
FCreborn10,FCreborn10,109
FUUUUUUUCCKKKK,FUUUUUUUCCKKKK,331
FacetiousKhan,FacetiousKhan,191
Fad3Ad3,Fad3Ad3,132
FaeceSocietatis,FaeceSocietatis,155
FaiithieG,FaiithieG,239
Fashapu,uhohhereweg0,158
FastLyons,FastLyons,122
FatGleeshLeen,FatGleeshLeen,213
FatJayChillin,FatJayChillin,217
FatManKeat,FatManKeat,142
FatMermaid_,FatMermaid_,173
FckHowYouFeelFr,FckHowYouFeelFr,203
FidelisToJusti1,FidelisToJusti1,122
FilmThePoliceLA,FilmThePoliceLA,121
Fisically,imstuckinhell,119
FivioJayy,FivioJayy,141
FlNALA,FlNALA,244
FliesTime8,Gus_JordM,127
Flo_Mealy,Flo_Mealy,122
Fluseph,Fluseph,125
FordTaurus2005,richardlettux,162
ForeverSymone,ForeverSymone,184
FoxSpiritsBride,FoxSpiritsBride,113
Fox_McCloud_,Fox_McCloud_,120
FredRiverBaby,FredRiverBaby,110
FrostyBites121,NotGakkari,135
FruitfulJ1,FruitfulJ1,125
Fuckdisappfr_,Fuckdisappfr_,103
FuriousBlxkk,FuriousBlxkk,232
GDKperc,GDKperc,112
GL0RYG1RL,GL0RYG1RL,309
GLO_TAKEN,GLO_TAKEN,217
GMajorTV,GMajorTV,279
GODC0MPL3X,SkittlezSmacker,122
GODXSAVAGE4O,GODXSAVAGE4O,207
GQBKR,GQBKR,118
GST_LT,GST_LT,315
GUphinda,Coster_ZA,138
GValues,byeeitsjanea,132
GandorArtistry,NooRelations,139
GapeTard,houellebecq_2,133
Garconeta,Garconeta,488
GaudSauce,GaudSauce,137
GawdHector,GawdHector,363
GawdHector,LotusWRLD,243
GaydarMykel,APSU2O11,131
GayestKeyblader,benjanun_s,135
GeeNessMusic,lyftANDuber,143
GeecheeSociali1,GeecheeSociali1,260
GenBiotics,GenBiotics,145
GeordiLaforgei,ThrawnShapiro,233
GetindorYT,GetindorYT,138
GhostKitty88,GhostKitty88,108
Ghostzyxo,grizeldawhat,161
GideonArchitect,GideonArchitect,134
GimmeYaAssNigga,GimmeYaAssNigga,182
GivenKruger,raymondts_,234
Given_Kompule,Given_Kompule,232
GlenGavin7,JayySupremacy,174
GlenGavin7,bb_chrisssss,288
Glizzy_dgaf,Glizzy_dgaf,232
GlockBoysSJ,GlockBoysSJ,143
GlowGuru_,GlowGuru_,244
GnarIsBukowski,GnarIsBukowski,348
GnosticHitler,GnosticHitler,166
GodofKrypton,GodofKrypton,127
GogginsQuote,GogginsQuote,139
GoodnesDat_Walk,GoodnesDat_Walk,144
Gooner67mdh,Gooner67mdh,138
GorillaTitVenti,GorillaTitVenti,606
Gotti2Hottiee,Gotti2Hottiee,155
GrailHunter69,GrailHunter69,276
GranpaDann,GranpaDann,167
Gray_Panda25,Gray_Panda25,145
GreggDrawsStuff,GreggDrawsStuff,108
GribbleYell,GribbleYell,135
Grimeyy_Gabe,jayyyy1900,147
Grinoldy_9,Grinoldy_9,182
GritzBrown,GritzBrown,191
Guccigulwhore,Guccigulwhore,150
GummiPie,GummiPie,126
Gummo2020,schmaxelio,163
GunFamily313,GunFamily313,126
GurgBudung,GurgBudung,105
GustavinhoJoao,blognaointendo,344
H0NEYRIVER,H0NEYRIVER,150
HOODPRINCESs201,HOODPRINCESs201,155
HailCamTheGreat,HailCamTheGreat,135
HailSalem666,HailSalem666,131
HangmanBryce,Im_Not_Angry_,157
HangoWiza,HangoWiza,101
HannahSchadle,RebeccaHeah,179
HariOnFire,HariOnFire,359
HarleyQuinn_NJ,OG_StankyPurple,148
Hassbotschafter,Hassbotschafter,102
HateYndira,HateYndira,221
HeadEmptyZ,HeadEmptyZ,157
Heartbreakercod,Heartbreakercod,126
HeavenlyLuvr,EM0rality,138
HendersonHabibi,HendersonHabibi,149
HennyLundqvist,HennyLundqvist,186
HenrikJonasson3,ShrodingersFart,108
Heorot_,Heorot_,114
Heraclius1488,HuwhyteBoy,158
HerculeanRell,HerculeanRell,103
HermosaaOsama,Champwillis,152
HermosaaOsama,HermosaaOsama,141
HermosaaOsama,marriedtothebag,324
HesGoinBald,ChunkiestGoyf,169
HeyTerezi,HeyTerezi,157
HidingUn1verse,yeaitstrill,189
HighIQWigger,HighIQWigger,273
HighIQWigger,dipnation76,129
HighKhaleesi,AintthatN,191
HinataExpert,NiggerTheory,118
HinataExpert,evabraunegf,147
HinataExpert,wormgripper,450
HireBlackPpl,GoldsteinBret,219
Hit1erGD,Hit1erGD,123
Hjul_se,Hjul_se,163
HlROVVS1,HlROVVS1,122
Hlanga_O,Hlanga_O,128
HollowcostLover,HollowcostLover,294
HolyTrinity_97,HolyTrinity_97,116
HolyfcT,HolyfcT,119
HomeScones,HomeScones,198
HoshiSato1,bruhcomix,140
Hostile85365674,KUNK_777,143
HotMessGoddessx,HotMessGoddessx,183
HotPocket1214,xclsvZERO,157
Huahsoki,bedheadharuka,117
HumbleSaiyan,HumbleSaiyan,135
IAM3ALITY,IAM3ALITY,129
IAMCYRIUS,IAMCYRIUS,204
IAmLoMeinNow,IAmLoMeinNow,256
IAmNormazing,IAmNormazing,182
IGanaldrippp,WhosNina__,116
IGot99Reasons,IGot99Reasons,346
IIconicJonathon,Glow2Banks,152
ISpankKids,ISpankKids,144
IYQbd,IYQbd,137
IainS9,AlasdairSteel1,135
IamCue2,TUGACADEMY,168
IamTheHiddenOne,meraktboss,154
Iamfomkin,Iamfomkin,108
Iastyrwasweird,Iastyrwasweird,141
Iazarusinho,Iazarusinho,134
IcyCroissants,JakeMadFluegel,166
Idiris61022430,goatedclem,117
Ifollowcelibate,ThrawnShapiro,104
Iickthegun,Iickthegun,248
IiiRik,IiiRik,128
Iinkclick,Iinkclick,129
IkhehlaLeChina,umalambane_zn,182
IllicitScript,IllicitScript,113
ImStGalaxy,Rebelrazz59,111
Im_0n1,Im_0n1,241
Im_DavidLemon,Im_DavidLemon,115
Indig0Gamin,lunahexnovaside,248
IndigoIsCoolio,IndigoIsCoolio,292
InstigadoNet,Javi_panda,121
IntruokYT,IntruokYT,343
Ioiswi,Ioiswi,160
Iooseraps,Iooseraps,296
IoveIovedeluxe,IoveIovedeluxe,118
IranianKween,BantuIqbal,352
IranianKween,CinoOf,212
IranianKween,I_Am_Manslow,119
IranianKween,IranianKween,1231
IranianKween,VeryNewCommish,100
IranianKween,urlbanned,162
IreneIgora,IreneIgora,166
IsThatSemajj,IsThatSemajj,124
IshtaJuliana,IshtaJuliana,223
Israel__90,90sDAAKYEHENE,152
IssackNyenza,iHumphreyz,235
Isuimanim,mustardgas74,196
ItsCammyDubs,ItsCammyDubs,106
ItsMeFlashE,ItsMeFlashE,247
ItsPrecious_x,ItsPrecious_x,203
Its_Feddy,Its_Feddy,158
IvanCarter9,IvanCarter9,121
JAYYBOLT,JAYYBOLT,222
JB_SpaceJams,anteuzi,106
JHouse57806646,2RBoSi,328
JJ08061874,Brenda42696774,223
JN24M,JN24M,351
JPurnell97,JPurnell97,203
JSantanaBack,JSantanaBack,163
JZinhous,emiguel4th,137
Ja_1yn,Ja_1yn,100
JabariBRichard1,broomwithane,290
Jacewolf26,Jacewolf26,175
Jack__prior,Jack__prior,133
JackiieSmacks,JackiieSmacks,277
JahExist,yeaitstrill,223
JahMayCan,balenciagajeans,205
Jahnravers,Jahnravers,158
JaiBrulee,JaiBrulee,154
Jai_frm_1400,Jai_frm_1400,123
Jalynnnn10,Jalynnnn10,129
JamariNoriega,yaauntiesbox,222
JamesGr57891438,amazon,167
Jamieilish,BardiiVenom,135
Jane59144546,KerenMirela,134
JangoGod,vintristn,114
JarlAgain,JarlAgain,158
JaviGotHoes,irim03,150
JayFinal,JayFinal,111
JayGtTheJuice,JayGtTheJuice,315
JayMonaeeee,JayMonaeeee,237
JayVsQua,JayVsQua,300
JayanaCee,JayanaCee,120
Jayocokaino,Jayocokaino,160
JboLongway,crennan_pippen,139
Jelasoul__,PeaceAndFades,245
Jemz_szn,Jemz_szn,139
JeremiahThapelo,JeremiahThapelo,136
JerseyImperator,JerseyImperator,150
Jesse2widitt,treywtff,161
JetsonTom,spuntron,138
JihadKamau,JihadKamau,161
JimKnoll2,JimKnoll2,113
JiyoonPhnom,JiyoonPhnom,144
Jocelin_Sotoo,Jocelin_Sotoo,234
JochebedSule,JochebedSule,133
Joe7145333,alysiee,152
Joe7145333,stargrlshania,146
JoeHapa,MasterGee254,112
JoeMama03846936,JoeMama03846936,249
JoeyDoomsday,JoeyDoomsday,118
John62148977,John62148977,100
JohnMarstonOF,JohnMarstonOF,107
JonesMogadishu,realyardmonsta,132
JordanJen3,JordanJen3,217
JordanWhymeez,bigskipperr,152
Jordelli,ShaqOmari,116
Jorshing0,Jorshing0,279
JoshWheels360,Backwood5habba,130
JoshuaCostley,takemetoovenus,138
JovHenrii,pinkBentley,133
Jov_ICE,Jov_ICE,134
JraiBerry,unclelondonn__,108
Jroddoortee,Texas_Gal49,182
Jubecha_,lango_white,165
Juhichan,Juhichan,134
JuicemanVss,riphumphrey,146
Julian55970552,Julian55970552,222
JuniorGalette93,JuniorGalette93,107
JunxiongMa1978,JunxiongMa1978,105
Jupinapapi3,Jupinapapi3,117
JusKallMeKB2,JusKallMeKB2,258
JustSizwe97,JustSizwe97,194
JustXavierB,ganymedeworld,121
JustinVersion2,JustinVersion2,130
JuyeonCatEyes,clittyminaj,132
Jxcktunny3,Jxcktunny3,128
KARABONDLOVU3,Ori_Debig_Beats,150
KBthaburner_,KBthaburner_,345
KBthaburner_,RlvlN_,241
KINGG_KEASE,KINGG_KEASE,144
KING_B3A,KING_B3A,225
KIydeshah,KIydeshah,132
KMarazanye,KMarazanye,270
KMarazanye,ProfJNMoyo,170
KMarazanye,Tman79242894,139
KODlST,KODlST,207
KPkltc,KPkltc,137
KRYPTONiMAILBOX,KRYPTONiMAILBOX,258
KShakur2U,ElmisRoss,185
KUNTYWIDOW,KUNTYWIDOW,364
Kablamoo101,Kneeshe2,138
Kablamoo101,premiana_,183
Kadijah22499755,Kadijah22499755,163
KaelyrianSteel,KaelyrianSteel,242
Kaiserk0nIAATE,theSantapapi,137
KalemaWilliams,davidbalinda14,140
Kalesssssss,ChampagneBosa,182
KaliSimien,KaliSimien,151
KallyKome,KallyKome,224
KallyKome,YourGurlMimz,235
Kanary998,wisemove,239
KanjiteKnight09,KanjiteKnight09,715
KankerMungkay,AnteroDominatus,111
KareemOnwheat,KareemOnwheat,111
Karlyle_Tomms,Karlyle_Tomms,110
KayMosoeunyane,KayMosoeunyane,479
KayyTRILLA,BforBrandonn,138
Kayyinred,Kayyinred,116
KeTommyg,KeTommyg,104
Kebabfanboi,Kebabfanboi,191
KemperARINA,KemperARINA,150
KendrasUsername,KendrasUsername,107
KendrickAlmar_,_x0melanie,307
Kennock1,Kennock1,128
KennyRecords92,KennyRecords92,132
KevGBKNY,KevGBKNY,130
Khalifa68765772,AhmadaShakurJr,187
Kid_inthe_Crowd,desert_starr_57,110
KiinzTheKid,KiinzTheKid,212
Killa_Crash,ksakiiix,158
Kim_Khandashisa,Kim_Khandashisa,208
KingGamur,KingGamur,118
KingNeef,MrSimpBoy,144
KingQ_Tip,KingQ_Tip,124
KingSlimeMugga,KingSlimeMugga,135
King_Adanis99,King_Adanis99,112
King_Curt55,JUSMITHOUGHTS1,150
King_DarkSkin_,King_DarkSkin_,280
King_Kasper2,King_Kasper2,117
Kingglokiii,Kingglokiii,108
Kion_Kapone,NolwaziFaith4,193
KipkorirWeb,KipkorirWeb,313
Kirbgamin,Kirbgamin,293
KirurgiskMe,KirurgiskMe,131
Kisah31,Kisah31,237
Kitakartel,Kitakartel,169
KlMJ0NGSEOB,KlMJ0NGSEOB,102
KlM_EZ,KlM_EZ,110
KlipschRVA,KlipschRVA,166
KnightSketch,AnimainSparkstr,223
KognacPapi,KognacPapi,248
Kojo_Gunner,yawdevil_,237
KoketsoResane,KoketsoResane,158
KoolKidkayy_,KoolKidkayy_,144
KoolYoungNinja,KoolYoungNinja,167
KrissyTheMua,KrissyTheMua,116
Krry_zoe,_2A16,158
Kshanbhangur,Kshanbhangur,205
KuponaV,KuponaV,176
KyDollahSignn,KyDollahSignn,120
KyeucaM,TillertheWorld,132
KyleMclovin4,KyleMclovin4,216
Kyro4KT,itspromee,153
KyttieVonToyye,KyttieVonToyye,124
L0RDWHITE,L0RDWHITE,1987
L3GENDTwt,L3GENDTwt,100
LAFLAREWORLD7,LAFLAREWORLD7,144
LANKOCEAN,LANKOCEAN,165
LAST_Phase,LAST_Phase,120
LATiffani1,JAMESEDSTROM,217
LATiffani1,LATiffani1,229
LCDRCalvin,LCDRCalvin,288
LEViTATEZ1XD,LEViTATEZ1XD,221
LGALOSTPA,LGALOSTPA,258
LIKELAMAR,LIKELAMAR,100
LILRXCKYY,LILRXCKYY,140
LOLFlimp,LOLFlimp,163
LUVJOYEOM,LUVJOYEOM,165
LYewwl,LYewwl,212
LaFlare1_,ChrizBell,200
LaRayeTheSun,LaRayeTheSun,111
LadJejKek,LadJejKek,168
LadySideshow,LadySideshow,169
Lady_Crunk,Lady_Crunk,122
LakouDud,LakouDud,247
LamineThiaw11,LamineThiaw11,106
Laquondanesia,Laquondanesia,117
Larrayy_,Larrayy_,187
LarryLarsoLarry,FaustianRapist,175
Lasttim53957688,dubs4o8,119
LatifHussein11,LatifHussein11,190
Laura38297064,Megawatts55,144
LeanNoctu,BrokeBreaker,109
LeePing22,LeePing22,178
LegalSojourner,YoureKindaFunny,217
LegalSojourner,taurusneck22,152
LegsJupiter,RhysJuan,165
LeighsAvenger,LeighsAvenger,127
Lele_Mud,Lele_Mud,125
Leon_timbrell,Leon_timbrell,314
LeratoM__,LeratoM__,130
LeratoalsoJen,LeratoalsoJen,135
Lesbi_cafe,Lesbi_cafe,182
Leuba_Ramakadi,Violin_Tay,232
LewKaineMane,LewKaineMane,226
LickshotLippy,LickshotLippy,135
Lightzunder12,Lightzunder12,226
LikeTheHolidays,PunishedStrider,106
Limpho52,Limpho52,164
LiptonT3A,AB_3tv,135
Live4Whites,Live4Whites,224
Live5_Klub,Live5_Klub,348
LivinMileHi,LivinMileHi,385
LodeSmart,MesoQueenmother,105
Lokii_San,SBjayden_,243
Lolnonicetry1,DrGrengolis,136
LongerLocsComin,LongerLocsComin,294
LookAtBeyNow,LookAtBeyNow,503
LordChiefRaka,tbh_Devon,139
LordRarted,LordRarted,118
Lord_of_Saarl,Lord_of_Saarl,315
LordsDontWorry,LordsDontWorry,101
Lorna_TVeditor,Lorna_TVeditor,107
LostDreamerJ,RyleeLul,106
Louisefarrakhan,Louisefarrakhan,131
LowEyesSwizzy,LowEyesSwizzy,142
Lucasforlife2,Allie_Suri,218
Lucasforlife2,urispring1402,217
LuggyOnDaBlock,yeaitstrill,106
LukeeLoL_,LukeeLoL_,245
Lungelo_NY,Thembelihlee2,201
LuoboyOllo,LuoboyOllo,170
Lupus_Rex_08,DequanMidoriya,150
LustforLo,LustforLo,120
LutherEvers,shadowcat_mst,117
LuvChildShawdi,LuvChildShawdi,171
Luvngoodnight2,Luvngoodnight2,140
LuxuryButBlack,LuxuryButBlack,136
LyleSaidSum,LyleSaidSum,111
LyssaFromOF,LyssaFromOF,204
M00BBB,BaconGodmade,224
M0orc,M0orc,285
M1NHHO,M1NHHO,203
M30Alliance,M30Alliance,101
M3xoy1,SDLSingh_,132
M4RYTSG,uzuis4thwifu,169
M79_mexichad,M79_mexichad,162
MARSYBOYS,Cloudy_Eggs,105
MARSYBOYS,senpai_rommel,246
METACHOLIC,METACHOLIC,108
MFDominator47,MFDominator47,328
MISSIODEl,lovelielullabai,245
MKakeAngel,MKakeAngel,281
MOGtheUnthinker,MOGtheUnthinker,138
MOSCHlNOHOE,MOSCHlNOHOE,148
MRoyer3,MRoyer3,243
MUVA_NAY,BeatinU_915,251
MVPGO,MVPGO,130
MYSTERIOUX_,MYSTERIOUX_,201
Maal317,Maal317,142
MaanglikBoi,MaanglikBoi,143
MabelMo926,BlackEndowment,110
MabelMo926,MabelMo926,126
Macallan_King,Macallan_King,226
Mack_DaddyDanny,therealgeezus__,231
MagaMaine,doeknoe93,168
MalekAkan,MalekAkan,222
Mamma__Mia,Mamma__Mia,135
MammonsManWhore,MammonsManWhore,174
Man1Anarchy,Man1Anarchy,246
ManiacalMoney,ManiacalMoney,179
MarcusCrakk,MarcusCrakk,121
Mardigraz718,Mardigraz718,179
Maricumsalot,an4st4s1a69,209
Marion49166099,KGBraff4,161
MarquiseDavon,MarquiseDavon,122
MarryYoda,MarryYoda,177
MarsMarzy,MarsMarzy,106
MarxIsMyNigga,panafrikam,223
Marxicology,Marxicology,202
MasaDiamond_,MasaDiamond_,128
Masuke_2x,QipIy,241
Matthew13259496,Matthew13259496,122
Mauria95,KarlousM,124
MauriceTowa,MauriceTowa,130
MaxIsTooStrong,Amaslutty,150
MaxIsTooStrong,MaxIsTooStrong,272
Mazzkovitch,Mazzkovitch,119
McDonalds_Toy,MrandMrsSlav,157
McFuckABitch,McFuckABitch,196
McMclaughlin16,CullensEwan,104
McMolddick,McMolddick,570
MelaninMagical,MelaninMagical,188
MelroseRadio,MelroseRadio,245
MemeGod47xxx,MemeGod47xxx,119
Menzem2,Ezepatricktwit1,191
Menzem2,vanguardngrnews,196
MeroWavy,MeroWavy,167
Merthod,Merthod,242
MessiahMarcuss,AmourLeLover,203
MessiahxAce,TLOZiggy,188
Meth14Cooker88,Meth14Cooker88,215
Michael34246514,Michael34246514,215
Michael_Sted_,afuckinsicko,115
MicheldeDeus1,MicheldeDeus1,200
Mictlan99982410,Mictlan99982410,123
MightBeDayo,JamalBackAgain,154
MikeLavi_,MikeLavi_,147
Mikhailopez,Mikhailopez,305
Miku_Songs72,Miku_Songs72,112
MilaanAmor,MilaanAmor,210
MilenaRPM,MilenaRPM,182
MilkMuva,187benj_,141
MimiChapel,Twitch,149
MimikyuHatesJew,MimikyuHatesJew,184
MinangGermanic,chadventist,115
Miogang__,What_DaDogDoin,112
Mir4Prez,Mir4Prez,122
MissB20_10,MissB20_10,108
MissLamola1,MissLamola1,164
MissQueenieJ,MissQueenieJ,167
Mister_Godzilla,dkmv147,200
MitchellDdibia,MitchellDdibia,117
MixchelleKayy,MixchelleKayy,141
MizTeeFranklin,MizTeeFranklin,455
MizukageJevz,CactusAbss,144
MizukageJevz,MizukageJevz,134
MlLFCAREY,MlLFCAREY,153
MlNGXIA0,HOE4LEEKNOW,163
MoSanks,THEhannahleppla,141
MoilCoOffices,Saga_23_,133
MoilCoOffices,X_BIade02,119
MojoDisco,MojoDisco,221
Mokheth90071772,Mokheth90071772,210
Mommi_joint,Kabiba_78,130
MoneyBaggAyo_,MoneyBaggAyo_,138
MoneyMakinnMecc,MoneyMakinnMecc,124
MonicaLPonder,MonicaLPonder,163
MonprimTerror,MonprimTerror,188
Moon_Clinic,Moon_Clinic,118
MooseManRado,MooseManRado,378
MorninTop,JasonSmith929,141
Mosgully,Mosgully,158
MotlatsiMo3a,Delexqua,119
MotlatsiMo3a,MotlatsiMo3a,135
Motloung92,Motloung92,160
MrAustin_1,MrAustin_1,134
MrCharlieWalks,K_I_MM_I_G,167
MrElliot1210,MrElliot1210,184
MrJacobMahlangu,MrJacobMahlangu,157
MrLiberated012,just_tebo,144
MrMittelMensch,MrMittelMensch,102
MrOhYes,Never_Again2020,313
MrRedMartian,MrRedMartian,236
MrUsinslurs,MrUsinslurs,122
Mr___VILANE_S,Snwapz1,196
MrsHendrix95,MrsHendrix95,457
MsMeBaby_98,gwargwarbinks,172
Msspicyeilish,Msspicyeilish,256
MstrMstrAvi,MstrMstrAvi,111
MugabeFan,MugabeFan,297
MummyDaddy15,Mrs_Cross24,167
Munaman_U,Munaman_U,181
Murambwi_,Murambwi_,102
MuriloGomesK,MuriloGomesK,118
Musamonogatari,FatassNiga,144
Musonda_R_Tembo,Musonda_R_Tembo,123
Mwansa__,AfricasMartha,158
Mwansa__,Chaingaz,286
My4everAngel,My4everAngel,243
MyraKingz,MyraKingz,503
N3moHoez,C_Geeezy,133
NECEYNECEE,NECEYNECEE,139
NEED2SECEDE,NEED2SECEDE,129
NEEDTOHOE,NEEDTOHOE,142
NICKIIMPRINT,THEPRINCEPRINT,230
NWordExperiment,NWordExperiment,2317
NXGGERSFORTUNE,NXGGERSFORTUNE,160
N_FROMTHE9,N_FROMTHE9,175
Na_00_mie,MakaLino_S,198
NahFam__,NahFam__,216
NahelBond,NahelBond,124
NaiyaLove,NaiyaLove,160
Namusnature,oomftrustme,135
NanichangK,NanichangK,108
NaptimeJones,NaptimeJones,300
NathanBlack7477,NathanBlack7477,109
Nazarene_777,herbie_lb,154
Neck_Nigger,Neck_Nigger,163
NeddyBly,NeddyBly,200
Neehow8,Neehow8,138
NehNeh92575128,NehNeh92575128,217
NembuIa,NembuIa,184
NeoDonatello,NeoDonatello,119
NewBlackLook_,ModestyQueen19,129
Newbzwtf,Newbzwtf,130
NewmanSerran0,NewmanSerran0,388
Ngamahle,SihleN_,147
NgiwuSomatekisi,NgiwuSomatekisi,139
NgosaMboroma,NgosaMboroma,164
NgubaneClaire,NgubaneClaire,155
Nick7436353816,Nick7436353816,135
NickEnaigbe,NickEnaigbe,105
NicknameHenny,NicknameHenny,150
Nicky_much,mimifettuccine,108
NicolaWoodMusic,tariqnasheed,158
NiggTake,owTreyalP,158
Nigga68440267,Nigga68440267,101
NiggasSaid,NiggasSaid,131
Niggballl,Niggballl,129
NiggerZoomer,NiggerZoomer,687
Nigger_34,kinq_maker,101
Nigger_Man123,oroxh11,167
Nigger_Zoomer,Nigger_Zoomer,511
NikeAirAaron,NikeAirAaron,166
Niko_Mafuaka,Kingdave_08,123
Niko_Mafuaka,Niko_Mafuaka,211
Nikolai74851331,WORGODICP,130
Nilssonbit,Nilssonbit,309
Nissi_29,kysccalamity,121
NitegistB,NitegistB,129
Nix_Capitalism,_harthunter,152
Nizzzit,chickenjorhe,134
Nkosi_Dlungwane,Nkosi_Dlungwane,115
Nkuli_Nkebs,loloworldclass,102
NkunzEmnyama7,LebMedic95,257
NoBrainKenny,NoBrainKenny,185
NoEthos,NoEthos,131
NoLife985,NoLife985,122
NoTHATHollywood,NoTHATHollywood,142
NoU_J358,2_juraj,117
No_Slouching,No_Slouching,133
NordicBeerGut,destroyer_anime,224
NortheyAFS,N1ggaE,271
NotPolPot,EpicnessL,152
NothingUserb,degen_rw,208
NowHoldOnNow,01234567891O,254
NoyanLuxary,NoyanLuxary,167
Ntloo_Lebitsa,Ree_Chaka,167
OB__T2,EHSIGranite,203
OFFDASHlTS,OFFDASHlTS,214
OGJohnTee,OGJohnTee,129
OGSalman,OGSalman,135
OJTheKing_,OJTheKing_,138
OKommando,OKommando,420
ObaDosunmu,ObaDosunmu,186
ObeahVee,ObeahVee,121
ObinnaIbeawuch2,SirEze619,123
OdeezyFbaby,OdeezyFbaby,141
OdiumPallium,OdiumPallium,111
OfficiaHeshCode,OfficiaHeshCode,239
Officialstann1,kingvoluptas,132
OgLakyn,AdamantxYves,151
OgRockLee,OgRockLee,119
Oh__itsJayb,RubbaBand_Grant,125
Ohhhdejah,Ohhhdejah,210
OkezieToochukwu,OkezieToochukwu,166
OlDirtyBrandon,markxxxv,209
Ole_richie_rich,Ole_richie_rich,276
Olwe2Lesh,tanyajunghans,129
OmegaJay3,OmegaJay3,149
On_DatLoud,On_DatLoud,134
Onitaset,BrokePhighBroke,293
Orange_Artz,CameronUpNext,167
Orbitvdz,HitzzFn,161
Orbzz7,Orbzz7,126
OreoTheJCB,OreoTheJCB,120
Ori__An,Ori__An,440
OrkoSigma,OrkoSigma,118
OverViewGGs,OverViewGGs,121
Oviefredsimon,Oviefredsimon,119
OwlsAsylum,OwlsAsylum,1350
Oyasumi_Hermes,Oyasumi_Hermes,150
Ozbrah5050,Ozbrah5050,321
P1gmented,BellafonteHairy,135
PAN__BOI,Exion_KFP,152
PARKLUVRZ,PARKLUVRZ,181
PEL0P0NNESIAN,PEL0P0NNESIAN,154
PHIVEXSTAR,PHIVEXSTAR,212
PHUMl_,PHUMl_,217
PICchaMane,PICchaMane,128
PKholokwe,PKholokwe,103
POLONGOGH,POLONGOGH,312
POsoby,POsoby,288
PR1DEFULS1NS,eijiroukirish,134
PRINCESSGENES1S,PRINCESSGENES1S,150
PUSHKIL0S,PUSHKIL0S,293
PWAM_HUSBAND,PWAM_HUSBAND,193
PapiGtatransa,RAIDX_QUEER,121
ParadiseCo_,ParadiseCo_,136
Paradoxisdumb,Paradoxisdumb,299
Parrisssss_,Parrisssss_,118
PatriotFren,PatriotFren,168
Pavr1x,haniaheree,130
Pearlbaka,Pearlbaka,135
PepeLeFewHoes,PepeLeFewHoes,235
PepeTuxedo,PepeTuxedo,175
Pepocrates1,Pepocrates1,123
Petersb90139129,mboti_k,108
PhattiLabelle,Drebae_,176
PheCantRap,father,182
Philiaa88,Philiaa88,515
PhucksL,FrickinCarrie,135
Pinkmashh,crackcobain__,237
PinkyEnjoyer,PlottingJake,239
Piso_Creo,reensito,148
PissedCitizens1,the_great_azoo,117
PissedOnMyBalls,PissedOnMyBalls,125
Pizzafanboi,Pizzafanboi,141
PkPhillipa,PkPhillipa,299
PlastuszPervolu,PlastuszPervolu,138
PlatformMisses,PlatformMisses,215
PlayboyBPAC,PlayboyBPAC,150
PlayboyPreem,PlayboyPreem,162
Pleasant_Monk,Pleasant_Monk,351
Poblonotpablo,nazaereth,171
Polile7,SomeonesSon11,177
PolishTaliban,UR_405,258
Polo_Palomino_,Polo_Palomino_,148
PolpotCunny88,PolpotCunny88,214
Poohpooda,Poohpooda,135
PossePrince,caribenawaters,217
PowerInMisery,PowerInMisery,148
PowerrPack,PowerrPack,130
PridedWaif6853,CeoBigStoney,201
PrimalAfrican,draewiggins,235
PrinceInTheMix,PrinceInTheMix,326
PrinceNard_,PrinceNard_,128
PrincessTyeee,PrincessTyeee,167
PrincessaLinaa,PrincessaLinaa,152
PrivateGordon_,PrivateGordon_,121
ProLifeLeoMain,ProLifeLeoMain,308
ProperlyZuri,ProperlyZuri,205
Proudlytricolor,Eeeee25246,119
Pt2David,Pt2David,150
PuddlesFuck,PuddlesFuck,129
PunishedBLAXX,A_Dodge_Caliber,111
PunishedForest,PunishedForest,162
PunishedmrC,PunishedmrC,656
PunishedmrC,quanthyfoolish,124
PurestInNoSense,PurestInNoSense,145
PutFamFirst,PutFamFirst,118
QcAstar,QcAstar,345
Qen_nedi,Bash_Moro1,109
Quaker_1488,Quaker_1488,323
QuanMinajBanks,QuanMinajBanks,261
QuantrellMortis,AsukaIsEpic,151
QudusKamaldeen,melytah1,157
Quransaurus_rex,Quransaurus_rex,130
Qween_mLalo,APoetguy,138
R0UGHWORLD,Iuhgeeky,115
R111N444,R111N444,173
R1Epix,DIXaPIX,107
RACKZZ206,teddybearmotive,177
RAMS_NSFW,RAMS_NSFW,242
RFW_wuhu,sagiri113,320
RLchacali06,Baji_Teach,170
RMMAURIDI,RMMAURIDI,115
ROADMANRONA,ROADMANRONA,177
RaceMixingCEO,RaceMixingCEO,120
RacroesR,RacroesR,140
RadioBelcha,RadioBelcha,756
Raeahnna,Raeahnna,238
Raekkuno2,ratio_legend,113
RahmanAMuhamm12,RahmanAMuhamm12,1022
RalphRue1,sayetaryor,119
Rambor6_,vSh4dy1,136
RapskillzMcCoy,RapskillzMcCoy,119
Raptor47723495,PoliceUg,321
RareBiko,karlboogie_,102
Rarisship,Playboilumpy,103
Rasheeeeeed_,Rasheeeeeed_,315
Rather_46ixer,OGEE_JayRari,139
RayG4L_,RayG4L_,135
RayshaunABSTR,RayshaunABSTR,227
Razhen6,LivingScribe,117
ReadMyChart,ReadMyChart,224
ReadySetSentry,ReadySetSentry,279
RealNightNation,SerenaJB3,105
RealOTSsquad,42Rodd,148
RealOTSsquad,JQZY3,217
RealOTSsquad,RealOTSsquad,223
RealOTSsquad,TheyHateOnBri,246
RealOTSsquad,dreamofmeber,141
RealPorina,RealPorina,490
Realday2k,ToxicDadon,113
Recklsss_,Recklsss_,208
Reesemo90,Reesemo90,230
Refilwe41646496,Refilwe41646496,114
ReshiBackup,hugo_hmf,164
ResvrrectedHugz,moonbane8,167
ReticulatedS,PunishedSpook,212
ReviDice,WatashiWaDin,118
ReyReyTheGr8,GunplabroYT,138
RichardLMarti16,monstercuck666,167
RicinAnastasia,RicinAnastasia,134
RickeyRedShirt,RickeyRedShirt,108
RickiRoma,RickiRoma,135
RickyBarksdale,kimberlyC74,140
RicoCox6,todddrunk,322
RikerAlly,LtOnEnterprise,130
RikkoRyuzoji,GoofyOliver,171
RimadSnommis,RimadSnommis,193
RisingSun_News,RisingSun_News,129
RobTheHonkey,RobTheHonkey,141
RobertJohnsonL,RobertJohnsonL,124
Robertp14037431,MrAndyNgo,140
Robineger7,Robineger7,239
Robyn21636221,YaaAsantewaaBa,138
RochSaid,RochSaid,129
Rockshock157,Fer150615,169
RockwlKaczynski,RockwlKaczynski,133
RonDNiggerBot,RonDNiggerBot,2472
RonDaaaadon,RonDaaaadon,309
RonZ7k,tuttsthefairy,153
Ronald_Okelo,DyeAnna7,108
RoofKorean1488,inceItaliban,324
RoolaThumb,RoolaThumb,121
RopeAppreciator,RopeAppreciator,163
Rplcedbtw,Cyqstlol,153
Russmufc26,GitUpChavvy,129
RyusokenY,WeinNinym,127
S0FTWIND,gramss_kilogs,279
S0KAVERSE,ltownsmee,158
S41L0RMO0N,dujface420,121
SAKI_______fjsk,ShizurIn__,177
SAKI_______fjsk,clieHsheibrhaye,173
SATANIA4EVER,SATANIA4EVER,181
SDargz,SDargz,135
SGoinup,SGoinup,157
SHEENxGUNxNURSE,4chanGreentxts,117
SHYSUMMER404,SHYSUMMER404,100
SLTMpod,SLTMpod,183
SLTMpod,captnblackmann,349
SLUT4WIFI,SLUT4WIFI,169
SLjay9,SLjay9,111
SNTGIO,Joe7145333,247
SN_Cgnition,SN_Cgnition,133
SOURisa10,LongLostTJ,145
SOURisa10,OvertimeCurry,147
SRT_FIJI,GothamCityGoon,207
SShijom,derpixon,110
SSigalishus,Sheamusheals,244
STUM4CHER,STUM4CHER,254
SUCKAFREEGRAMZZ,SUCKAFREEGRAMZZ,141
SWlNGLERZ,SWlNGLERZ,117
SaUwUerak,deathbyfrag,101
SadBoyRel,Phonnzz,115
SadgeMurilloFCB,SadgeMurilloFCB,274
SafiyaNation,SafiyaNation,156
SageTolu_9,AniGray,323
Sahara88921,Sahara88921,110
SaintPalmSSNN,SaintPalmSSNN,113
SaintsCrossing,SaintsCrossing,163
SajjadWaried,Trilups21,105
SajjadWaried,Twitter,105
Sakima_Tetsu,yeaitstrill,158
Salena__Salena,Salena__Salena,125
SamOutcheaByke,SamOutcheaByke,120
Samkelo_85,Samkelo_85,171
SanchiniDavid,SanchiniDavid,164
Sandrriizzle9,deuce_n3,167
Sandyamour14,Sandyamour14,129
SaxonBeerGut,Nigger_Zoomer,103
SaxonofColumbia,OregonGroyper,142
Sazi_Gcabashe1,Sazi_Gcabashe1,217
Scf65Forbes,joolzzt,148
Scf65Forbes,tweetmentcentre,134
ScottTBrower1,ScottTBrower1,117
SeanBreezeMMA,Brandislong,147
SebastianStevex,SebastianStevex,163
SecretBruce1939,SecretBruce1939,166
Seeare_T,NelaYo_G,157
SeiEhrlichBroJP,ultimateGin,182
SenseiDev_,SenseiDev_,143
Serero_DK,Serero_DK,156
SergoVita,VernamGD,225
SexDAnnunzio,SexDAnnunzio,108
SexIsForwho1,Agh_shaish,129
SexyYoro,SexyYoro,184
Shabri15,Not__a__Doctor,118
ShapumbaSt19,kandishigweni,115
Shawnuuuh,Shawnuuuh,112
ShhKrexii,yBxried,102
Shikonekeni_,Shikonekeni_,215
Shimyzer_TT,Shimyzer_TT,138
ShogunBrando,ShogunBrando,182
ShogunInternetu,ShogunInternetu,187
ShrodingersFart,ShrodingersFart,997
ShutUpJayln,ShutUpJayln,149
SiiiRJBS,Geeky_Beans,121
SimplyFocused11,SimplyFocused11,130
SinfuIForYou,SinfuIForYou,133
Siphe_kh,Siphe_kh,497
SirZvc,stymaed,176
Sir_Diagne,morcelo12,148
Sirforde_Vol2,Sirforde_Vol2,164
SiriusBReturns,Fellis_Fel,217
Sirswangiscool,Sirswangiscool,106
SkHeisman,SkHeisman,315
Skinny_Black009,ShirlockJonesRF,114
SkipRayciss,Gibbles2244,161
SkittlezSmacker,SkittlezSmacker,210
SkylarIsntFunny,SkylarIsntFunny,163
SlimToto1,SlimToto1,116
Slim_BHG,Slim_BHG,162
Slimed1n,Slimed1n,157
Sly_kaMenzi,Dlistoz,138
Sly_kaMenzi,Sly_kaMenzi,138
Sm0lBratzz,Sm0lBratzz,125
SmhBreh,SmhBreh,173
SmilingSavoyard,SmilingSavoyard,205
SmiteWtf,mao_yat,199
SmolDame,SmolDame,243
SmuggiestYeen,AshleyTenaglio,138
Smurts_Django,Smurts_Django,179
SmvrtHottie,SmvrtHottie,135
SnoopNotNice,GrandpaDusse,154
SnoozyPNDRGRASS,SnoozyPNDRGRASS,144
SnowFlame14,SnowFlame14,279
SnowbunnyCandi,SnowbunnyCandi,112
SnowbunnyElsa,SnowbunnyElsa,196
SoCalledShana,SoCalledShana,112
So_Fiyah_,So_Fiyah_,143
Soapkz1,Soapkz1,183
SoelbergGrace,SoelbergGrace,157
SolTheeStallion,ocvt__,120
SoleilRayonnant,SoleilRayonnant,142
SolielTyra,drevate_,131
Solonigger,Solonigger,151
SomethingtoCi,SomethingtoCi,125
SonOfGhana_,SonOfGhana_,195
SorayaAnnaja,_PimpinAintDead,208
SosaNatebz,SosaNatebz,147
Sosa_Gunna,Sosa_Gunna,128
SoupGlowing,CountDankulaTV,151
Soze_Blanco,Soze_Blanco,472
Soze_Blanco,YoureOnTheMenu,147
Spacegoddave,Hanes_Guy,118
Speed__Weed__,anttoretu,203
SpiffyGlobal,SpiffyGlobal,127
SpiritLegionary,keiajahhh,199
SpiritOfEnnui,SpiritOfEnnui,144
Spiteinshad0w42,Spiteinshad0w42,119
SplatGarbagePos,mynameiskrysta,105
Spreadthemessag,CNN,210
SrIvan50970286,Bernard74665862,108
Staccato_Lo,DMXcellent,138
StalinDelChaco,StalinDelChaco,103
Staliniarz,nicoalt_1,132
Staliniarz,pawelszef,251
StalkedByJack,StalkedByJack,137
Stane80600202,PastorAlexLove,124
StarmanSweg,egirIbongwater,238
Starr_Rocque,Starr_Rocque,217
StefanEtienne,JeffBates8,102
StephBeautiful,StephBeautiful,127
StonedColdAyo,Moorland_native,189
StrawHatMar,StrawHatMar,454
StrawhatYoshi,StrawhatYoshi,197
Streakzdunit,ZMPDeception,141
StyledbyRufaro,StyledbyRufaro,216
SuedeEH_,SuedeEH_,277
Suedeonda1nside,Suedeonda1nside,192
Sull2L,Sull2L,126
SunniSpeaksHer,SunniSpeaksHer,183
Sveedqt,GonzerFN,132
SwayzeMusicRd,SwayzeMusicRd,143
SwishMahoney34,SwishMahoney34,117
SyTheLocDon,Eater__of_Souls,108
Synbraa,Synbraa,161
Syntraxiya,Zylem1x,152
TA3F4IRY,TA3F4IRY,112
TDDoesIt,TDDoesIt,101
TDF_Defiance,TDF_Defiance,115
TDemero,TDemero,122
TDuncan937,TDuncan937,122
THNHNOE,THNHNOE,173
THOUGHTSOFKAM,THOUGHTSOFKAM,243
THRASHERBRAT,THRASHERBRAT,189
TLEbtwaGFY,TLEbtwaGFY,184
TORIVNNE,TORIVNNE,127
TPotholes,Opresii,152
TREVOR34807902,Augustesheya1,189
TW58202291,tariqnasheed,126
TXWomenRESIST,RickChapterTwo,208
T_bo_757,ChiTown_Burgh,141
Ta1R3,Ta1R3,195
TacoTy_,TacoTy_,141
Tadado_,Tadado_,135
Tae2Fake,Tae2Fake,150
TaeN80698607,TaeN80698607,169
Takao_110_pad,rock2_pad,129
TakeHeed2021,TakeHeed2021,105
Takehaya_99,GawdHector,118
Tamie_Wilson_,nathaliejacoby1,141
TardWranglin,TardWranglin,113
Taremwa_,Taremwa_,119
Tarey_A,Tarey_A,236
TateKwatapo,TateKwatapo,167
TayeWhite,TayeWhite,160
TdashGlaze,TdashGlaze,230
Teegirs,RavenSoftware,105
TeniMuse,TeniMuse,103
Terrince6,Sir_e93,122
TerryCasanov,TerryCasanov,165
TewChaynz,TewChaynz,142
Tewt_,Tewt_,185
Text_72P,Text_72P,154
Tgreezee,Tgreezee,165
Th4ilenol,360Mints,114
ThabiQNTS,ThabiQNTS,191
ThadMonky,ThadMonky,166
ThatGuyFelder,ThatGuyFelder,121
ThatNigger85,ThatNigger85,103
ThatStaticNigga,ThatStaticNigga,512
ThatoBomba,FucknJames,221
TheAdvoc8te,TheAdvoc8te,132
TheBlackCyde,TheBlackCyde,138
TheBlackNerd,TheBlackNerd,164
TheBoyWhoWrote,TheBoyWhoWrote,156
TheDubblife,TheDubblife,183
TheFanyfanxy,TheFanyfanxy,303
TheFreedomOfMan,PLC85_,140
TheGOTVProject,TheGOTVProject,152
TheGameIsAfO0t,TheGameIsAfO0t,120
TheGodmuva,TheGodmuva,139
TheGreatSlurmz,MrFuturisticO_O,225
TheGuyZy,TheGuyZy,115
TheHeartPt5,TheHeartPt5,145
TheJermaineG,bobeaubreaux,166
TheKangReturns,TheKangReturns,130
TheNoirEnigma,TheNoirEnigma,511
TheNumismaniac,cianmaher0,152
ThePack_OS,ThePack_OS,177
TheQueenTee_,TheQueenTee_,323
TheRacist__,TheRacist__,348
TheRealGav651,PlayStation,123
TheRealShnibber,TheRealShnibber,184
TheRight1_,TheRight1_,119
TheRoyalTony,Chromaatical,174
TheShutupsexual,Zeta_Kalb,122
The_Greenhead,The_Greenhead,154
The_Naked_Pops,Cloudy_Eggs,111
The_Njoko,VusiSambo,114
The_PurpleImp,PunishedTuck,156
The_Real_Vilo,bukanim,117
Thee4EyedKing,Thee4EyedKing,103
TheeMONOlith,KCBrooklin,133
TheeMONOlith,Seoulkka,135
TheeMONOlith,TheeMONOlith,211
ThegirlMooT,ThegirlMooT,159
TheoFerragamo,TheoFerragamo,135
ThirtySixMonk,ThirtySixMonk,117
ThomasWeymann,ThomasWeymann,163
ThotsofX,UnusualBran,189
ThreeSonorans,ThreeSonorans,128
Thrilliyah,Thrilliyah,284
ThugaManLaForge,ItsMrShadow,175
ThulaniKhawuta3,ThulaniKhawuta3,167
ThvleGroyper,ThvleGroyper,147
TiaLTaylor1,LindaAr28393889,119
Tiaboring,Tiaboring,208
TimipreB,BiafranTweets,177
Tinoo_m,Tinoo_m,158
Tinoo_m,mitskisluvchild,148
Tiny_Tae,Tiny_Tae,122
Tobi_The3rd,Tobi_The3rd,100
Toby33863266,P4P_Pat,343
Toetoebow,Toetoebow,186
TokyoManjiFag,keiworshipper,343
TommySachs,yunyunpilled,217
TommyXLauren,TommyXLauren,132
TonyAlexJones,TonyAlexJones,242
TonyNakamuraa,TonyNakamuraa,148
TorontoLtd,TorontoLtd,142
ToshinSwerve,ToshinSwerve,135
Tra3stacks,Tra3stacks,128
TrapGodSaline,TrapGodSaline,212
Traphouseracing,Traphouseracing,141
TrappJesus,TrappJesus,122
TreMission,LickshotLippy,135
Treinfinite,Treinfinite,189
TrollFaceDaddy,BunkIsBased,129
TrollFaceDaddy,CommentaryRepu1,126
TrollFaceDaddy,TrollFaceDaddy,425
TrollFaceDaddy,thehydraman,315
TropicalSlav,TropicalSlav,166
Truly_A_Prince,Truly_A_Prince,123
TrunkzBurner,TrunkzBurner,156
TshepiJoseph21,TshepiJoseph21,896
TsotsiWaJapan,TsotsiWaJapan,273
TsotsiWaJapan,kay_mo_,241
TunicDubious,TunicDubious,179
Tvd_92,Tvd_92,142
TwatDonkey,ElKabon78640802,312
TweetsFromEric_,TweetsFromEric_,189
TwelveBricks,TwelveBricks,130
TwerksDone,TwerksDone,215
Tyff4U2,mmk81825553,126
Tyietro,Tyietro,162
TylerWadeRBW,TylerWadeRBW,162
UAintShitEither,UAintShitEither,101
UR_405,UR_405,277
U_Morikwe,PRND23L,101
UltimateLol_,Struggler2Dark,149
UltimateLol_,UltimateLol_,294
Umanga_beast,Umanga_beast,207
UnTalMag,HiPhlox,236
UncleP87,RaveleArmani,152
UntimelyGore,UntimelyGore,371
UrBoringAsFUCK,seanncubexi,146
Urchmaniac,Truthfully83,139
VIBEWITHZION,VIBEWITHZION,314
VN_Geezy,VN_Geezy,128
VVSGinseng,itsdakkkota,102
VVSGinseng,wtfdoiik,144
Val77eriHoe,Val77eriHoe,344
ValarMorDollars,ValarMorDollars,138
VamatiTuli,VamatiTuli,114
VarfeeSiryon1,VarfeeSiryon1,346
Vaughnclaudex,Vaughnclaudex,165
VdaBigG,VdaBigG,251
VecifySzn,NikFNBR,146
Vedant84012,Vedant84012,280
VeeJay_SG,VeeJay_SG,224
VenomTrump,Saaaaaaadie,127
VenomTrump,VenomTrump,198
VeritasiR,VeritasiR,119
VickyLynnLovey,dnb20,109
ViktorTsoiOF,ViktorTsoiOF,415
VirgoJ24,VirgoJ24,314
VolkishB,VolkishB,259
Vouigeldy,Vouigeldy,124
VrilMaistre,VrilMaistre,108
WEBDuRag,WEBDuRag,201
WSalmond,HendryMackenzie,152
WSarvis43,WSarvis43,113
WadesDeadAgain,expensive_ramen,117
WalterKA9,WalterKA9,117
Warsame_187,Warsame_187,159
WavesRaS,YoungBoyBread,103
WayneChambersJr,WayneChambersJr,200
WeNotChuck,WeNotChuck,234
Wearhatsindoors,ThisNigga_QUE,127
Webb81K,JeremyCordite,313
WednesdayScales,Taa_stee,150
WendelDoSwindle,WendelDoSwindle,127
WestEendian,WeASeL_Antigua,192
WhiteMonster52,WhiteMonster52,257
WhiteMonster79,WhiteMonster79,236
WhitepilledFeet,WhitepilledFeet,131
WhoIsDezja,QuanGames,142
Whu_tao,Tobi_The3rd,237
Why_am_I_Kihara,Why_am_I_Kihara,119
WillisRease,RIINASTYY,111
Wingitwynn,Wingitwynn,109
WockySlushgang,WockySlushgang,115
Wumbo_Mop,Wumbo_Mop,145
XlANGLlNGS,XlANGLlNGS,146
XpreetGOD,frediFNBR,115
XxGodIsBlackXx,XxGodIsBlackXx,258
Xxsupadave,Xxsupadave,206
YOOLUKK,YOOLUKK,230
YUNGSPERMC3LL,omegameisters,211
YUNGcoke,YUNGcoke,121
YaHaffi,_mvrlie,249
Yahya_J7,Chrollo3k,149
Yahya_J7,__Ayub_,295
Yaya_la_Yaya,Yaya_la_Yaya,164
Yayons_,SwooshWasHere,148
YazziKrystelle,kaceytron,121
YeOld360s,YeOld360s,117
Yendyy3,CeCe_CAN9,103
Yendyy3,ski_skirtlmao,102
YepiTsMeJack,grind_stat3,127
Yglue2,jd_occasionally,162
Yo31164427,GlizzyUntucked,126
YoDxed,YoDxed,207
YonoSaboson,YonoSaboson,141
YooooNikki,YooooNikki,193
YoungFlyRu,YoungFlyRu,204
YoureANigger_,YoureANigger_,147
Yung_fendi,Yung_fendi,140
YunosBestie,YunosBestie,233
YvngSvicidxl_,YvngSvicidxl_,125
ZacActor,ZacActor,166
Zaiko29304276,Zaiko29304276,195
Zakhele_mthabel,gugulet38340647,129
Zamoney031,mchu_i,132
ZayalaAshira,TizzyEnt,167
ZayalaAshira,ZayalaAshira,208
Zaytove_Guapo,Zaytove_Guapo,105
ZeitGaming1,bocaJ930,129
ZeroGoGoPro,ZeroGoGoPro,185
Zeus00233891,Zeus00233891,163
Zeus00233891,Zeus_btww,104
Zeusinho1994,lalakowska,189
ZeyusBestie,ZeyusBestie,116
Zion_SD,Zion_SD,147
Zoe28176617,sarvadnya_,117
ZonelaMkhumbeni,Gentlements,230
ZoomerPolish,KrackaKilla999,105
ZoomerPolish,ideaprawicowa,352
Zpatchh,ultrasoss,125
ZukoMntonintshi,ZukoMntonintshi,189
_07226,CAPRlKORN,119
_0v3rra3d_,_0v3rra3d_,189
_AfricanSoul,_AfricanSoul,129
_AmanaG,Chester_Ngobese,122
_Barnnito,uniquepie2212,217
_BigGuru,_BigGuru,121
_Boaby_,_Boaby_,305
_BossStackz,_BossStackz,130
_Carryone,_Carryone,130
_ENasty,_ENasty,229
_EllisQ,_EllisQ,146
_Gdash,_Gdash,163
_Jojosodope,sickWitItC,245
_KINGMORNEE,_KINGMORNEE,141
_KingPom,_KingPom,111
_Kruddz,_Kruddz,223
_Kwick,_Kwick,119
_LilBrisket,gaydesigirl,129
_Makaleigh,MoSanks,123
_MasterAyo,Sshivonee,167
_Naryas,CintalvonBonbon,222
_OptimistPrime_,_OptimistPrime_,241
_PaulDears,_PaulDears,127
_PimpinAintDead,_PimpinAintDead,243
_QUEENTUT_,_QUEENTUT_,128
_Reagannn,_Reagannn,217
_Rehquiem,_Rehquiem,164
_RickSmoove,_RickSmoove,207
_RodVanDam,_RodVanDam,135
_SDOT973_,_SDOT973_,167
_SMYRK_,_SMYRK_,122
_Scorpionnn,_Scorpionnn,207
_Snipe_Hunter_,_Snipe_Hunter_,108
_Somebodyson,_Somebodyson,159
_StretchTheKidd,_StretchTheKidd,214
_UncleRufus_,_UncleRufus_,108
_UrSoREPLACED,RellSwp,120
__Booda,__Booda,512
__DaveyBaby,ladykay2425,184
__Dynamite____,Ozbrah5050,307
__PrincessMo,_trillzo,110
__SuitYou,__SuitYou,144
__Taatsu__,__Taatsu__,131
__Toniiiii,__Toniiiii,303
___medusaaa,___medusaaa,149
__classyladyy,__classyladyy,167
__cordazzle,__cordazzle,124
__kxrupt,MilesNgcobo,170
__llb__,__llb__,123
__madnorth,brylaamonett,111
__reeces,__reeces,207
__simplyTIANA,__simplyTIANA,105
__spencer_____,__spencer_____,195
__vagan,CottonP59371519,182
_angelndlela,_angelndlela,218
_armstrong__,_armstrong__,135
_barfsimpson,_barfsimpson,320
_bwatrix,_bwatrix,124
_dejamonet,_dejamonet,112
_dharris15,_dharris15,167
_drippinkisses_,_drippinkisses_,147
_eastsideslim,HakeemDemi,108
_edwinnnnnn,_edwinnnnnn,130
_foxyyy__,_foxyyy__,242
_guapular,_guapular,144
_haleymaia,_haleymaia,191
_hannur,_hannur,151
_jera,TherapistXd,110
_kalikinesis,_kalikinesis,111
_kayreina,_kayreina,245
_kdotw,RunitupBambino,326
_keeyvh,_keeyvh,121
_killacass,_killacass,113
_krhdh,_krhdh,144
_leslieuwu,_leslieuwu,122
_mayarianaa,_mayarianaa,157
_minitmade,_minitmade,259
_moufofdasouf,_moufofdasouf,163
_nebhis_,LandsharkRides,175
_nebhis_,hare_terra,199
_nubiangoddess,teampeete,179
_obiewon,1QuisG,135
_omarbruh_,_omarbruh_,167
_pinkandshit_,_pinkandshit_,157
_project_k,_project_k,520
_shawtyriri,_shawtyriri,113
_symsym,_symsym,119
_tigger_nigger_,_tigger_nigger_,135
_versaceplug,_versaceplug,112
_vitaminn_t_,_vitaminn_t_,281
_willardethan,stuffmollysays,131
_worthycrown,_worthycrown,119
_xander254,_xander254,190
_zensei,_zensei,246
aItevo,aItevo,131
a_maaarri,a_maaarri,170
abel_steinberg,abel_steinberg,105
abonambugre_,abonambugre_,335
abusingherpower,abusingherpower,142
acarelessvirgin,acarelessvirgin,135
adagiearcstan,GabeKuzunoha,116
addictedtolex,addictedtolex,162
adnaadamx,adnaadamx,134
adoniyeh2,adoniyeh2,117
adugenettt,adugenettt,117
aerismoons,eleewhatthefck,134
aestheticshxdo1,ProjectSupremee,447
afuckinsicko,_indeeyuh,225
afuckinsicko,kennytheraikage,102
agenttofgod,SinfuIForYou,133
agenttofgod,agenttofgod,291
agenttofgod,gir1luc,294
agenttofgod,murdrmyheart,160
ageofgoon,ageofgoon,121
ahbean5,ahbean5,265
aidynq,aidynq,131
aintthatpapi,aintthatpapi,259
air_tez,air_tez,118
akagiSAYONARA,akagiSAYONARA,199
akho_mnandi,akho_mnandi,116
akidnamedsquid,akidnamedsquid,165
aleeb88,aleeb88,141
alicia_NOkeys,alicia_NOkeys,128
alicia_kay16,alicia_kay16,111
alijah_haddox,alijah_haddox,137
allaboutshade_,allaboutshade_,179
allergictosword,allergictosword,134
allthepape,allthepape,166
alluringblkboy,alluringblkboy,301
almighteeee_,almighteeee_,176
almightychai,almightychai,128
alvespmntl,stanhighbro,302
alwaysSFTC,alwaysSFTC,102
alxishlly,alxishlly,188
amahra_,dontsmileattee,236
ameowla,gray_nigger,135
aminaaiko,aminaaiko,218
aminah4real,aminah4real,124
amirassbf,amirassbf,221
anaiis_art,anaiis_art,189
andraydomise,serb_superb,246
andrettiguevara,andrettiguevara,196
angelheart2015,angelheart2015,456
angelheart2015,spidal4ever,364
anichols_17,anichols_17,136
anika_myra,hissinn_,142
anime___titties,anime___titties,110
annathegem,annathegem,128
annieclarkdyke,angeIspuIse,293
aprettyPR,aprettyPR,106
aqua_mimi2,aqua_mimi2,118
aquariuslite,aquariuslite,106
arealii7,arealii7,213
argosinclair1,argosinclair1,241
armanwalker,armanwalker,118
articul8madness,okaydonkeymag,240
asanariii,asanariii,110
asdfgayy,asdfgayy,247
asg_xander12,asg_xander12,133
ashanticreates,ashanticreates,192
askashleyp,askashleyp,148
aspookyrose,vonn_duke,182
astoldbyharmony,astoldbyharmony,335
atcrl_,atcrl_,191
atmbiz7,atmbiz7,125
attaboy_photo,attaboy_photo,164
aubri_bridoee,aubri_bridoee,129
audipostedthis,audipostedthis,160
auspicioussauce,auspicioussauce,197
austintmashele,austintmashele,1111
avehhx3,avehhx3,121
aweletmesee,aweletmesee,167
axdul_x,axdul_x,472
axes1401,axes1401,135
ayodiora,ayodiora,130
ayukotf2,hsvlrtxP,167
b1gfl00d,b1gfl00d,149
b1jms,b1jms,108
bIackprincessa,bIackprincessa,130
baIIsinmymouth,Addictedtopiss,112
bablakeh,HabariTech,158
babyblueyayo,aIternativi,144
babyblueyayo,mossfaeries,251
babyblueyayo,pixeIpixie_,308
babypink410,babypink410,129
backsucc426,Mmatloob66,127
bad_colonial,SmartFella88,158
badbeez__,badbeez__,198
badtins2ya,julietsgr4ve,132
baker_jacek,Tigerla93053136,189
barakyamlaha12,barakyamlaha12,194
barbiesclutch,barbiesclutch,112
barbiesdawn,barbiesdawn,147
bardigangbxtch,bardigangbxtch,106
barrlean,barrlean,143
basedguitar,basedguitar,1131
basedkremlin,PolishTaliban,150
basicallytae_,basicallytae_,112
basilsaflex,basilsaflex,141
bausmodetime,PJmarss,245
bbavo_bennett,_SkillFutu,157
bbypooch,completeaswhole,115
bbyyeuyu,bbyyeuyu,212
bcoykend,OttewellSchool,126
beans4blood,beans4blood,139
beastmvde,beastmvde,224
beezohndrxx,beezohndrxx,118
bensemchee,bensemchee,139
beysleigh,cosmogolison,118
bfg6718,friendlessinnyc,127
bigLea_,bigLea_,132
bigboy1der,bigboy1der,117
bigidiotmoron,bigidiotmoron,135
bigpeachenergy,bigpeachenergy,169
billaallocalsv4,hxrun_30,160
billetskillet,billetskillet,102
billionaire9576,IranianKween,144
bimbomarxist,maybeitsweetpea,170
binicatalan10,binicatalan10,157
bisersi,bisersi,321
bittersweetking,bittersweetking,163
bkjwordplay,bkjwordplay,130
bl00productions,bl00productions,484
blackandimbetta,issaNigerian1,118
blackmagnet0,tcenteio9,150
blackmanwinnin,PrincessAltaiir,159
blacks4dream,blacks4dream,220
blacks4dream,pisosfavlesbo,194
blacks4dream,valkyweenie,147
blerdconjure,blerdconjure,249
blkgiyuu,blkgiyuu,173
blkswn___,bbymommie,117
blomded,carmoaner,136
blondsouI,blondsouI,196
blossomgreene,blossomgreene,167
blowingups_,blowups_,182
bluntspoken,korniest,166
bmariecake,bmariecake,321
bmgyufan,bmgyufan,130
bnnldy,bnnldy,206
boaboa___,playboicarti,154
bobbyloveshoes,bobbyloveshoes,243
bobbyloveshoes,cloudigrande,142
bobbyloveshoes,leabea15,198
bobbylovesyoufr,bobbylovesyoufr,117
bobfranklin6969,bobfranklin6969,325
bokut0sbtch,Daddy4u2luvP,203
bokut0sbtch,bokut0sbtch,153
bombaklarkt_,bombaklarkt_,153
booty_gobblr,booty_gobblr,241
boulah_,boulah_,189
bratttyyy1,bratttyyy1,124
brattyvirgo_,brattyvirgo_,145
bravo3od,bravo3od,103
breadbanditYT1,breadbanditYT1,217
breezeanese,breezeanese,251
breezy_sweatll,breezy_sweatll,420
brendenriley2,brendenriley2,232
broke_chico,DOMLEAFY,240
bronzedke,bronzedke,126
brooklyns_jr,brooklyns_jr,167
brothascomics,brothascomics,120
brownedcoffee,mossfaeries,258
brt_yo,brt_yo,256
brxknwxrldtxny,brxknwxrldtxny,118
bryce_md,ItsJaela,121
brycie77,brycie77,335
brysbot,brysbot,195
buhleh__,buhleh__,135
bummiitch,teuwol,129
burrberryboii,burrberryboii,115
bvioletreborn,QueerArmorer,168
byeconic,byeconic,137
cactialtszn3,cactialtszn3,122
califortia,califortia,373
cam___11,cam___11,191
camallennnn,camallennnn,164
camperchann,camperchann,197
cardboardspouse,cardboardspouse,138
cardibdrugedme,cardibdrugedme,146
caribenawaters,AyyeeLuv,217
caribenawaters,PossePrince,222
caribenawaters,caribenawaters,222
carol_xxo,MissThelma,202
catdollss,catdollss,135
ccthekid,withoutahandle_,104
cedellasergel_2,cedellasergel_2,860
cenabantwan,KetuBoi,232
cgoodwoman,cgoodwoman,135
ch0ppakun,ch0ppakun,182
ch0ppakun,trixqs,182
chaeblur,chaeblur,100
chaemousse,chaemousse,121
chainlink1488,chainlink1488,104
champthepen,champthepen,196
chaoticbumpit,chaoticbumpit,308
chara_lpm,chara_lpm,266
charlie12342411,charlie12342411,100
chase_rsa,chase_rsa,144
chelreq,AlexHardwick95,150
chelsvvaa,chelsvvaa,146
chemaraxo,otl_linkz,120
chememejones,chememejones,108
chevasvandel,chevasvandel,126
chibarbi,chibarbi,132
chibicheez,chibicheez,125
childishdiey,childishdiey,158
chillny30,chillny30,184
chimbiko_jerome,chimbiko_jerome,149
chinkydejj,JTriplett0825,128
chloebazo,chloebazo,150
chokahauntus,chokahauntus,106
chri5t_LA5,chri5t_LA5,150
chriss_geoff,chriss_geoff,238
christosilk,MRBRIKILA1,142
christosilk,gbemy01,117
chujimimi,chujimimi,431
chuks91,Sahara_Verde,265
cinnacider,cinnacider,116
citygirlshit,citygirlshit,134
cj_wav,11brys11,111
cl0udesports,DeyyFN,149
classytwat,classytwat,224
clearpilled,clearpilled,105
cloudyjaebeom,cloudyjaebeom,114
cloverslzt,cloverslzt,222
clownarisha,clownarisha,162
clubmarkgirard,clubmarkgirard,173
cmiIIion,cmiIIion,122
cmpunk2315,cmpunk2315,126
cocoachennel,KhiryArion,117
coconumbb,coconumbb,124
cocosnbitch,cocosnbitch,167
cold_lava_,cold_lava_,173
colderthan__ice,colderthan__ice,207
colormehappy_,colormehappy_,149
coltranepoem,coltranepoem,160
comflex_ak_let,comflex_ak_let,126
complexgrl,werkOnsel,121
confused_JAY,Malcom_wills13,166
confused_JAY,pami_tee,103
confusedmiked,Miss_Peg,238
coochie_man_,blucif3rr,301
coochieblood334,CocoAntarashi,153
coochienjoyer,allnivrsen,159
coolrcam,coolrcam,141
corpsepaki12,corpsepaki12,243
corpsepaki12,hnfs77,152
corpsepaki12,smurfie,247
coucouaaron,coucouaaron,118
cps_ikaika,cps_ikaika,127
crackerphobic6,crackerphobic6,324
crankvfx,ManagerTsuki,130
crdanexo,gloriouslokis,121
creaminurdreams,coolado_,141
cremaetpill,cremaetpill,117
crocsandthots,crocsandthots,264
crownroyalty_98,crownroyalty_98,117
crsdsouls,crsdsouls,154
cruisemaster14,Ahdey_,161
crybabydommy,URF4VMASTER,125
crystalnanette,crystalnanette,117
ctehkeIa,sososukai,144
cuchiIlos,cuchiIlos,120
curlyhaired_kid,curlyhaired_kid,167
cute_alima,rbaderthinspo,145
cuteboysceo,ranboosfavdesi,123
cxcainan,cxcainan,165
cxceces,cxceces,152
cyberlifesaiki,cyberlifesaiki,128
cyborgbussy,cyborgbussy,135
cypheroftyr,cypheroftyr,280
cyx24,cyx24,189
d4nizwrld,d4nizwrld,156
dMuzfn,bantisfn,158
dacumdemon,margiwrld,167
daddyofdisco,daddyofdisco,153
daddyofdisco,ttbeanie,205
daharamiii,daharamiii,175
daheadbussa317,daheadbussa317,117
dahyesdiet,NIGGAREXIC,196
daisy11_24,daisy11_24,331
dakota__houston,dakota__houston,104
dallas4topgnf,dallas4topgnf,102
dalsonyeos,SinBDaily,244
dalsonyeos,junghive,237
damascoup,damascoup,167
dammitdawg,dammitdawg,150
danieloladejo__,danieloladejo__,138
dansss_98,dansss_98,143
dantheoak,basedmanlet,155
dantheoak,bigmandozer,135
dantheoak,cunnymonster,319
darkkingjavi,darkkingjavi,150
darkkingjavi,fuckjuanlol,153
darkwavephoenix,darkwavephoenix,241
darlingtondudaz,zonkradio20,163
davehenshaw10,davehenshaw10,124
david76981715,SupremeAida,144
davontenyc,davontenyc,107
dawsonsmeek,Choojimmy,157
dawsonsmeek,dawsonsmeek,130
dayhs97,dayhs97,154
dazeXBL,dazeXBL,163
dditeee,dditeee,146
de1uneed,de1uneed,181
dean_musk,LouisLeVau,115
deanna_yg,Rey_De_Piedra,238
debunking_ting,dijoni,249
deeznutzlolloll,dwtbunnies,137
delamomanny,delamomanny,121
delsiony,blkjosuyasu,160
denimh20,amazon,334
denimh20,denimh20,167
denzel_oaks,denzel_oaks,307
derrihun,LindoShemar,196
desveladoooo,cokedeaIerr,122
deunte456,deunte456,143
devinnotkevin,devinnotkevin,117
dexfrost23,dexfrost23,226
dexxe,dexxe,187
dezrrai,DinouhRL,160
dhayes_news,JayMitchinson,207
dianxiasrain,dianxiasrain,108
diaperedskylar,diaperedskylar,245
die444shy,rebelleflowerr_,135
diego06549140,diego06549140,182
digableplanetes,digableplanetes,300
digitaljody,digitaljody,150
dimeyybaby,mhmchy_,196
dinofour20pm,dinofour20pm,119
diorrjoon,BARBIEPIMPIN,222
diorsamour,diorsamour,217
djkey713,Cxg3_,217
djwavyy,djwavyy,132
dme__363,dme__363,400
domain_sensei,domain_sensei,160
dominacanooo,dominacanooo,131
donabernah,donabernah,251
doncheezzzzy,doncheezzzzy,114
donotsuspend_1,donotsuspend_1,153
dontdodruhgs,dontdodruhgs,135
dontdoxxme1,dontdoxxme1,181
dontplaywitha2,Goddess888UK,167
dontsmileattee,dontsmileattee,141
doomfie,CairillT,122
dooumoo,dooumoo,117
dopeitsKee,dopeitsKee,258
doubywouby,doubywouby,892
douglasmartini,douglasmartini,114
dpekunater,dpekunater,123
dprwyd,AydenWrld,157
dr_grahamm,dr_grahamm,131
drakehabibti,drakehabibti,241
drejwalker,DolledUpDoraa,327
drelasoul_,BAAAM92ISBACK,185
drelasoul_,CallmeDT_29,140
drewstarkeyfp,Eimy01200715,204
drewstarkeyfp,drewstarkeyfp,427
drewstarkeyfp,uhlexuhhh2,147
drisuschrist,drisuschrist,121
dtbpablito,FoulsLV,204
dtbpablito,NotKexzi,121
dtlvnarakel,dtlvnarakel,311
duamaximoff,Swiftsbeatles,137
duamaximoff,duamaximoff,182
ducorwriter,ducorwriter,135
dumbfordahyun,dumbfordahyun,142
dutchesno1simp,dutchesno1simp,177
dyinslowIy,soIdoutdates,138
dyllyp,dyllyp,129
dynamite_80s,dynamite_80s,222
e1uzhun,e1uzhun,244
eSwanK_9,breezyswank,125
earth2her,earth2her,109
eazyyyyH,eazyyyyH,124
eboneezza,eboneezza,145
edgy_faggot,edgy_faggot,249
ediiannaa,Adrielo_,182
eeeoooeoeooo,MokyoStan,293
eendjekwakk,SohrabAhmari,127
effuaibo,effuaibo,147
efnry,efnry,142
efubialt,ra_rautio,151
eggfooyoungin,mike_kyser97,149
egirIbongwater,egirIbongwater,112
egirIbongwater,junkofanaccount,135
ehmonneh_,ehmonneh_,184
eiramAna0,eiramAna0,148
eklassb51,eklassb51,147
elexistx,elexistx,165
elipet21,elipet21,156
eltharula,eltharula,109
emmyujinj,emmyujinj,166
emociated,imtoobigforyou,163
emopadish,emopadish,169
enclavesexual,enclavesexual,124
endracism12,endracism12,110
engdika23,IreneIgora,124
englishautist,englishautist,207
erykah_nicole7,3hood_pears29,133
esewrldd,gouledAI07,197
esewrldd,syriamexicocorn,538
ethanjuice,ethanjuice,172
etherealze,_benjvmins_,250
ethnail,ethnail,150
evanswaggg,evanswaggg,237
everytimeigoout,everytimeigoout,251
exhausted365,exhausted365,317
ezi6n,ezi6n,150
ezsquirt,ezsquirt,116
f_ckwatyaheard,f_ckwatyaheard,113
fa1rywingz,fa1rywingz,111
fagkyun,boyshitvinyl,131
falensaccharno,falensaccharno,392
fariesblood,Fr0styStar,217
farxaan_iv,notlinda__,251
fatherjosiahpt2,Nycotics,140
fatimadxllo,fatimadxllo,102
favoritermx,positionstm,222
favvea,favvea,140
fckinhorrible,PunishedSpook,242
fckinhorrible,fckinhorrible,171
febrizlemynizle,febrizlemynizle,225
fedoraelijah,fedoraelijah,211
femaledbb,femaledbb,260
femaledbb,insomnmedia,142
femboymujahid,FemboyPF,247
fessyault,BIBEHLING,116
fgtsdkoala,Dempsy_777,321
finnegansreader,finnegansreader,194
flambae00,flambae00,120
flavaaave_,flavaaave_,117
flcrqiscn,ShellygotoHelly,143
flippedhatnupe,flippedhatnupe,206
flk_tom,whatifiwasblack,158
flopkierowca2,flopkierowca2,197
flordiaroots,flordiaroots,280
foemiemayo,a_silvalopes,147
followloulou,jiminny_cricket,174
fomonua,ruffydfire,105
fouraythefourth,abiiogenesis,149
foxmccloud82_,foxmccloud82_,112
frazierapproves,frazierapproves,140
fredfkd,mhofela_mhofu,146
freeIDGAF0S,freeIDGAF0S,203
french4x,french4x,107
frenchnani17,lamechitenge,152
frogsknecht,Tempiwmf,182
frostedcumbites,BANNEDFR0MTV,120
frostedcumbites,blkkprincessa,116
frostedcumbites,frostedcumbites,144
fuckcrackerz,fuckcrackerz,102
funga_bunga,funga_bunga,164
funga_bunga,gigameds,227
furryhak,cafe_nayeon,187
fuxkintired,Joe7145333,108
g9jrr,NyndeeALTALTALT,193
gabbisharpp,gabbisharpp,168
galactabirkin,galactabirkin,126
gamma_kit,juancho_thazo,206
ganonqueer,ganonqueer,294
ganymedeworld,LooseyG28889691,206
garbageman5,Hashira_EKT,119
garethanoche,garethanoche,178
geraldcain50,EmaniH___,322
gervais_alleyne,beyoncemw,142
get_nooky,get_nooky,115
getthesurgery,getthesurgery,227
gfuckinmoney2,gfuckinmoney2,123
ghanatropicana,ghanatropicana,140
ghettoIovebirds,ghettoIovebirds,326
ghostjimrocks,ghostjimrocks,116
ghostman1502,ghostman1502,167
ghostofjdavis,ghostofjdavis,1072
giajbz0,giajbz0,176
ging_hive,ging_hive,141
giooo1x,giooo1x,124
giveintomestan,giveintomestan,109
givemeachance92,givemeachance92,262
giyuunephew,giyuunephew,118
glamorouzthug,glamorouzthug,150
globohomoagent,globohomoagent,156
glockywock,glockywock,252
glockywock,xclsvZERO,150
glow2311,GingeUnhinge,119
glow2311,PunishedmrC,308
godlilcousin,godlilcousin,158
gogogo6177,gogogo6177,120
goldihobi,goldihobi,139
gome_guyMw,gome_guyMw,251
gorelvl,gorelvl,105
got_Sugar4U,got_Sugar4U,198
goth__moth,PattonGeorg,210
gothgirlliker,gothgirlliker,119
gothkatsu,gothkatsu,111
gottfriedmituns,killeraptor,214
graduationkid,graduationkid,198
grandtheftdino,grandtheftdino,157
greatgalaktyka,greatgalaktyka,192
gregtha2nd,gregtha2nd,324
griffE99,griffE99,239
groypusmaximus,cryptoad__,124
gtclark01,gtclark01,108
gualtrapa,OlonamZaid,179
gugulethup_,ChrisExcel102,158
gvbbylol,gvbbylol,159
gw33n_tea,AnarchoPalamism,208
haP65,lexharvs,115
haasanbarclay,haasanbarclay,323
haddyj12,haddyj12,159
hadleyogarro,hadleyogarro,118
hadrahx,hadrahx,138
haelbackwards,haelbackwards,112
hairu74,hairu74,135
haja2smth,haja2smth,513
hakdlldldlllll,GrindFaceTV,197
hare_terra,_nebhis_,217
hare_terra,hare_terra,766
harperisslime,WhosNina__,118
harrell_tyrese,harrell_tyrese,247
harutody,harutody,167
hateclubvampire,hateclubvampire,183
havetostaypure,havetostaypure,112
hawksbabyyy,BLOODSWAB,112
hawksbabyyy,hawksbabyyy,394
heejincunny,heejincunny,170
hersheyhippo,hersheyhippo,238
hey_lauren_hey,hey_lauren_hey,162
heyimcrib,txstzer,159
heywhqre,heywhqre,117
highsociety_k,highsociety_k,135
hineedmoney,MayaaaaGs,117
hisokasjuice,hisokasjuice,101
hispanaslav,hispanaslav,194
hiyashuma,tellurium_guy,158
hobbsposting,hobbsposting,175
hobmini,hobmini,144
hoiddeigoschn,hoiddeigoschn,119
honeynoir,honeynoir,141
hooyomatalo,hooyomatalo,150
horlayinka6226,horlayinka6226,120
hornofafrica251,hornofafrica251,243
hornyy_i,hornyy_i,140
hosthetic_luv,Luna_Richie1,134
hostilecuck,hostilecuck,112
hotboimicah,hotboimicah,162
hovibabyyyy,hovibabyyyy,154
hrdmny,hrdmny,182
http__chaotic,http__chaotic,288
humbuggiez,humbuggiez,403
humorousman_,appyappylad,124
hunter59802211,hunter59802211,204
hwngcentral,hwngcentral,166
hyeonswh0re,hyeonswh0re,306
hylinia,hylinia,121
hyperboreanopum,Nigger_Zoomer,103
hyucktheace,hyucktheace,120
iCoerceTv,iCoerceTv,115
iLucidDreamer,iLucidDreamer,189
iPipe206,iPipe206,154
iRockFakeShoes,iRockFakeShoes,128
iSwearImMonte,iSwearImMonte,124
iTerryTommy,iTerryTommy,136
i__chiboy,i__chiboy,139
i_am_tahj,taeveney_24,238
i_amrogers,i_amrogers,241
i_amtheproblem,i_amtheproblem,156
i_hate_blackies,UltimateLol_,183
i_hate_blackies,Z370_24,144
i_hate_blackies,i_hate_blackies,115
i_missiles,AnthraxSequel,239
iamRAZAH,iamRAZAH,125
iamhoodforeign,THE0NEGENIUS,120
iamlexstylz,iamlexstylz,417
iamsiaja,iamsiaja,167
iamstones_,iamstones_,343
iamsyrhup,iamsyrhup,350
ibs3_,mxskxnnnnn,166
ic_giovani,ic_giovani,197
icanonlybemekh,icanonlybemekh,201
ice_aryan,ice_aryan,121
icecokeandpyrex,icecokeandpyrex,167
icedancerrr_,icedancerrr_,102
icyamamare_,icyamamare_,130
icyedwardsss,GCLLEYT,172
icyedwardsss,icyedwardsss,137
identicalcrisis,identicalcrisis,111
idntremembr,idntremembr,137
ifasxsafi,ifasxsafi,108
iggenbottom,gozunew,148
igorstheme_,Thrilliyah,290
igotagunlol,igotagunlol,206
iheartmixy,iheartmixy,176
ikissnitro,ikissnitro,235
iluvchibiis,iluvchibiis,223
ilyclues,Ibsprintinhard,144
imanjoestar,imanjoestar,139
imansters,imansters,112
imchampainpapi,uhhmia_,147
imeaniguessgirl,imeaniguessgirl,159
imightbejo,imightbejo,339
imsecsee,imsecsee,123
imsoshive__,imsoshive__,322
imtrash40,bihbebonkers,306
imtrash40,patitodream,130
inceIisis,inceIisis,207
incelhitlerism,incelhitlerism,145
indiKEV,indiKEV,123
indiranaomii,indiranaomii,124
inizmihs,inizmihs,123
inmkun_zhybp,inmkun_zhybp,133
inner_beard,AntiSocialBoi3,158
instructor_judo,instructor_judo,158
integrapapi,integrapapi,114
interlact1,Dashing_02,177
intomargot,intomargot,251
invalidsyntaxx,invalidsyntaxx,119
ioannispolemark,chinchillin156,144
iodine_pizzle,iodine_pizzle,211
isIandhoe,isIandhoe,316
isayahg2,isayahg2,200
isco21x,B1SS4K4,110
isco21x,MarkoXtra,127
isco21x,okpaIV15,175
issaburnerpal,issaburnerpal,605
istoleyourchain,IcyVee77,239
istoleyourchain,istoleyourchain,477
istoleyourchain,runawaykidderek,421
itsB1bitch,itsB1bitch,123
itsCuteJohn,jeffphilips1,217
itsKhutsoR94,itsKhutsoR94,178
its_Glane,agabaprince2,249
its__derrixk,Twitter,183
its_intricate,its_intricate,128
its_just_carter,its_just_carter,154
itsdvogh,itsdvogh,287
itselzee,TheOnlyNiahJ,121
itskaycarter,itskaycarter,118
itsmulalo,itsmulalo,217
itsnate007,itsnate007,104
itsnickimmmmm,lowdybaby,124
itsukiri,CEOof2DWaifus,135
itswacc,jimmyji85224443,144
itsyusei_,itsyusei_,129
itzzbrandyyy,wintrrdior,161
ivainashe1,ivainashe1,119
iwasbrain,iwasbrain,141
iwritecoolstuff,iwritecoolstuff,416
iyeshamoesha,iyeshamoesha,222
j4k02z,CityLights_7,160
j_vrrr,j_vrrr,111
ja_xole,6lackGinger,110
jadenfelder,jadenfelder,345
jadinanant,jadinanant,272
jadorsinterlude,jadorsinterlude,126
jaehkhei,jaehkhei,343
jahdara_,tejshah__,159
jaheimclx,jaheimclx,345
jaheimclx,sekouhp,104
jahoehee,jahoehee,246
jaisushiii,jaisushiii,139
jakeleged,jakeleged,172
jamahledwards,jamahledwards,116
james_johnson_3,FoolsSaid,119
jamief2009,jamief2009,114
jammilbezos,Dangerousgroun2,104
jankebabiarz,pisslowrandom,135
jarelldaye,jarelldaye,175
jasaeeeee,nnicolesade,204
jasserravalle,jasserravalle,172
jax_racist,jax_racist,118
jay_bizzzle,jwafore,141
jayarthurjnr,Jaylen10_,144
jaygrover2307,guerillacricket,239
jayomadeit,AlphaBeatzJ,180
jayy_belle,KinggHines,149
jazza2z,jazza2z,143
jeffbepullen,jeffbepullen,128
jejistanie,cokedeaIerr,102
jellocals,i8bunnie,217
jelloyiddies,RIINASTYY,146
jelxni,jelxni,246
jenemy_,jenemy_,152
jensIeigh,leighsdiva,120
jesstake,jesstake,220
jesuisBAG,queenjamesss_,210
jettyisabitch,theeclipse777,151
jevans903,oncodebrotha83,175
jhidingascarl,jhidingascarl,130
jho_lo925,lifeasaisha_,182
jichewy,Khushiatwal,135
jiggypierre,jiggypierre,345
jihyobaraboda,jihyobaraboda,119
jijicals,jijicals,179
jin0x,jin0x,162
jinhyeongsluvr,jinhyeongsluvr,397
jityeezus,jityeezus,125
jkb_theRealest,jkb_theRealest,142
jlagenii,jlagenii,145
jm_ballislife2,jm_ballislife2,143
jmoulaaa,jmoulaaa,187
jms_haaa,jms_haaa,139
jnkhive,jnkhive,127
jodecivanteee,jodecivanteee,109
joel_tolins,joel_tolins,166
jojoxlips,yngcoreyy,145
jokermarv,bitchrespecter,165
jonjay98,jonjay98,129
jonredcornbread,estlapetitemort,234
jordan_trunnell,jordan_trunnell,129
josephKeisuke,ReformedSM,119
joshcondone,babyastrallad,142
jovie2fresh,jovie2fresh,128
jpercival__,jpercival__,131
jpndtheuniverse,jpndtheuniverse,133
jsbcrib,OFN__Tay,137
jshanelleee,jshanelleee,167
jtothadub_,jtothadub_,181
jturner66,AttorneyCrump,167
judas_jonas,MichaelBucwa,188
juhmeer,juhmeer,155
julietsgr4ve,julietsgr4ve,511
justin_swanhart,proftroydwood,161
justinbiria5,TillertheWorld,129
justivorian,justivorian,297
justjamaya_,justjamaya_,143
justnormalcandy,slaternxtdoor,154
k0rphon,k0rphon,202
k_booogz,k_booogz,165
k_illua,katetheicon,138
k_splends,DavidMichael_st,157
kafangi,itskibe1,153
kahil_100,VibingShun,189
kaijucantdie,kaijucantdie,140
kalashniggov,kalashniggov,185
kamicloudss,Oyasumi_Hermes,159
kammayuroJnr,bamwinejnr,113
karabosometimes,UFOTommy,143
karoblaq,NiggerSpeak,134
karri4bootwt,kewnfree,255
kathodosproodos,kathodosproodos,417
katlegoktee1998,MondliBrianZum1,101
kay_murdaa,kay_murdaa,188
kaylawaylaq,kaylawaylaq,160
kcbyoungblood,kcbyoungblood,160
kehlanislefteye,kehlanislefteye,125
kelvinxco,kelvinxco,148
kennymait14,kennymait14,151
kenyaaafuckonme,kenyaaafuckonme,100
ketanima666,ketanima666,134
kevintheleven,kevintheleven,189
kfcharmian,kfcharmian,233
khadnis,khadnis,139
khayrahxo,JudiasmFC,115
khayrahxo,fatimahhXD,109
khayrahxo,najipops101,120
khayrahxo,theonesullyy,165
kiIIthenight,fembyphotos,139
kiaasymonee,kiaasymonee,120
kianaszouai,kianaszouai,242
kiiilakam,kiiilakam,128
kiiissmykitty,kiiissmykitty,213
kill_ur_idols34,kill_ur_idols34,206
killjoybabybomb,killjoybabybomb,172
kimani_wangai,kimani_wangai,210
kimleann__,kimleann__,233
king27559996,robertmarawa,160
kingMwayie,kingMwayie,227
king_gyalis,LocalTraggotNyx,136
king_gyalis,king_gyalis,137
king_kazzzz,Nohbruhdy,101
king_kazzzz,king_kazzzz,358
kingfooloo,kingfooloo,188
kinggloki,gracious_wood,135
kinggloki,kinggloki,314
kingvor,funkmasterMMA,139
kingwheez,PlayApex,135
kirawya,Die4Kese,169
kitty_chinks,kitty_chinks,247
kiyaleshay_,kiyaleshay_,128
kjumaemma,Icon__08,148
kjumaemma,McinikaWaLamar,145
knowsaho,knowsaho,106
kokomadekokomo,kokomadekokomo,119
koldmanii,earthtoangelo,168
kooky_jack,kooky_jack,162
koriindahousee,koriindahousee,206
kota_cant_sleep,kota_cant_sleep,135
koutyan1030kou,kagi_banban,123
kpopfascism,kpopfascism,127
kremkroasan,kremkroasan,139
kukuteni,kukuteni,201
kumari_strong,kumari_strong,171
kuwuwugi,kuwuwugi,111
kvh_vieira,004561l,217
kwesi_bayie,Opresii,163
kxynan,kxynan,185
kyrairie,kyrairie,145
la_sydd,la_sydd,118
lackkkin,lackkkin,459
ladyhunch0,ladyhunch0,100
lamarc2x,lamarc2x,321
landonmack82,Blackedaddicttt,118
lareseb_,lareseb_,227
lashiastarks,broadwaytail,145
laughoutloudlai,laughoutloudlai,101
layloincognegro,layloincognegro,119
layloqasim,layloqasim,140
lazyfrogfren,SaintHyperborea,150
lazysloth900,lazysloth900,351
le_aksis,le_aksis,115
leafysuhpremacy,leafysuhpremacy,591
leafysuhpremacy,swag__alt,246
ledfordx_x,ledfordx_x,152
leegahyeonsgf,leegahyeonsgf,105
leekix_,leekix_,130
lekouncensored,lekouncensored,141
leloush21,leloush21,157
leroibrun78,LoveSeymore,198
lesbianoir,lesbianoir,150
lextheloon,lextheloon,255
lgndary,lgndary,188
libidaur,libidaur,232
lickDEEsnuts,lickDEEsnuts,148
lifebygigi,BleuetteNico,209
likeit_dai,likeit_dai,164
lilbootycrumb,SifJS_,105
lilcodys,ni999er,152
lilgapshawty,lilgapshawty,147
lilhuntykara,lilhuntykara,129
lillillard0,lillillard0,167
lilmeatbigdrms,lilmeatbigdrms,141
lilnutsack_,lilnutsack_,137
lilsliss,alibombje,111
limewirereset,limewirereset,117
linxxt,linxxt,217
litmallmall,pugtatotron,118
littlemoonhiden,littlemoonhiden,106
livyglizzy,livyglizzy,173
llovestefen,llovestefen,142
lobotomizedfrog,Ozbrah5050,304
localblackgiirl,janaymalani,116
locssenpai,locssenpai,103
lohaanda,kissmeriver,146
lolnobye0,lolnobye0,194
lomowentworth,lomowentworth,166
lonkeromies,lonkeromies,135
lordMakgoe,mannyfrancis_,122
lordfabo1,lordfabo1,222
lordipshit,lordipshit,125
lorydeep,lorydeep,144
loschbourman,SnooScape,377
losherb,losherb,219
lost_pimp,msbaudelairee,100
lostmmpn219,lostmmpn219,139
louieclipx,iluv414,131
lovecherrimagic,lovecherrimagic,136
lovekingeli,8choEric,150
loyal_nigger,loyal_nigger,555
luminadailee,luminadailee,113
lunaryggs,lunaryggs,128
lustfullyluca,lustfullyluca,125
luvvjaay,luvvjaay,181
lux719213,lux719213,190
lvjyserena,lvjyserena,328
lxoelo,lxoelo,241
ma_nigger_nas,ma_nigger_nas,136
maarsdon,maarsdon,119
mabaela_,ThePeoplesTop,130
mabelegion,mabelegion,272
mac_DGAF13,mac_DGAF13,225
mackmakesmesick,Purplekisses911,121
mackmakesmesick,mackmakesmesick,667
madblackdyke,BigMoTheCowboy,151
madblackdyke,madblackdyke,154
madstackspenny1,madstackspenny1,239
magdonaltramp,magdonaltramp,161
magixki,findingtay,149
magnus_adjepong,magnus_adjepong,167
magspiggy,mangoladddd,109
mahhammah,HangmanBryce,157
mahhest,mahhest,134
mahoganycherry_,mahoganycherry_,129
maimaiapplepie,heyleyley1,267
makaiguest,makaiguest,204
makizeninss,makizeninss,268
malikb_12,Es_Three_,132
mangozjebometal,mangozjebometal,147
manifiles,ItsKiaria,123
manisbab,Enrique22388120,118
mannysupersad,mannysupersad,117
mantzgebure,mantzgebure,794
marceeacaiyea,MikeBC619,120
marcisgibre,anti0xi,155
marcisgibre,marcisgibre,172
margauxwattle,margauxwattle,119
marianitasadd,marianitasadd,127
marquisholmes04,nogumhundo,116
masonfootball77,StableRonaldo,151
masonfootball77,k0zfnbr,151
matterhornie,matterhornie,158
maxaruth,maxaruth,148
maynardmilf,PaTaPoN1337,207
mdotdagoat,crackcobain__,172
mekalynbaby,mekalynbaby,217
melanie_b06,melanie_b06,165
melaninyourgirl,melaninyourgirl,183
meleoronoir,meleoronoir,126
meliodasburner,meliodasburner,114
mellowrokii,Hudda_Chini,101
mellowzr,mellowzr,162
melxnki,melxnki,139
mentor209,mentor209,167
mercurymiso,mercurymiso,253
messiahthedon,messiahthedon,123
methgolian,methgolian,236
mgmqua1k,mgmqua1k,144
miccky_k,miccky_k,126
michaelcarter73,michaelcarter73,135
michulahim,michulahim,137
midnitepostman,novaflight,197
mifuckingkaela,mifuckingkaela,244
mig___mm,ARMINSWHOR3,167
miglsi,miglsi,170
miilarosey,alihasnohoes,148
mikeandallthat,MilanoPrivate,162
mikebuttski25,mikebuttski25,116
milesrhodes123,milesrhodes123,120
milkyfeline,milkyfeline,280
milliemeal,SupaCoopa_,131
millierocck,mumagainstvapes,347
mimiy_fah,mimiy_fah,159
mingkitings,mingkitings,131
mirkrocs,mirkrocs,157
mirrorala,alllluap,122
mischievioustam,mischievioustam,165
misslynii,WHUPawel,215
missmartaaay,missmartaaay,126
misterxclusive,misterxclusive,104
mk_khanyileRSA,justwellington,238
mkknowsball,mkknowsball,163
mmtkred,mmtkred,117
mndabeni,MadiBoity,164
mnl___________,south_corn,195
mochaamour,mochaamour,347
mochmedgraal,jaheim64712369,197
mochmedgraal,mochmedgraal,167
mocking_truth,Truthfully83,130
moisdum,madblackdyke,177
mollygurI,mollygurI,172
momxmi_,momxmi_,189
monieknowsbest,monieknowsbest,170
moodybitchtm,moodybitchtm,161
moon_aure,moon_aure,121
moonbane8,EvadinMoe,243
moonjahroo,Phann_tastic,112
morefiendz,morefiendz,127
morehonestt,morehonestt,203
mothersegz,Amiicia123XD,308
motorolaflipfon,Ahmdyarr,255
mouncheih,mouncheih,349
mp4_error,AnAkumuAlt,159
mrtunjiao,mrtunjiao,109
msamiamena,msamiamena,175
mskbarrel,mskbarrel,396
mslauryntrill,mslauryntrill,343
msmaswala,msmaswala,189
msquenphatifah,msquenphatifah,118
mucofreebandz,mucofreebandz,116
muddysituation,muddysituation,239
mugiewaraa,mugiewaraa,140
mugisha885,irizaabimbuto,120
mullettaek,mullettaek,109
murdrmyheart,murdrmyheart,503
muser_mystic,muser_mystic,141
mussqI,SpnkyFN,114
mvsahwenkosi,timomapot,158
mxrfect,mxrfect,121
mydoublelife,mydoublelife,322
mylesocean,mylesocean,183
mylifes33034127,faking_cult,182
myna1h,myna1h,117
mynameisntsam1,mynameisntsam1,112
myplayspace,myplayspace,157
mythixlly,yatotheslumpgod,158
mzchoclitee,drboycewatkins1,254
n0silla_,n0silla_,144
n0vatres,Pretty1x1,349
n3farian,n3farian,171
naaaviaaa,naaaviaaa,121
nachovenusss,nachovenusss,120
naijaprince21,naijaprince21,304
naledimashishi,naledimashishi,114
namihive,namihive,124
namjoonswoman,namjoonswoman,115
nappyheadedhxe,MedonsterX,155
nasdahbk,nasdahbk,135
nasrudiinabdul,nasrudiinabdul,145
natural_belle_,natural_belle_,157
ndatipo_johanna,leevi_immanuel,254
nduduzok_,MueraZebra,140
needyarmani,needyarmani,159
negroisms,negroisms,109
nelsuspended,nelsuspended,167
neuenegro,neuenegro,126
neverdiedonce,neverdiedonce,141
nevytsRX,_Ai_bri_,229
newagepoopman35,newagepoopman35,117
neymarinhoceros,mrcelemaitre,181
niacorn2,niacorn2,147
nickgure5,nickgure5,283
nidahlhamdan,Amal__Y,157
nigegrbuster,RichDrawz,120
nigger_nogger_,nigger_nogger_,653
nigger_piss,sapphiReGG,157
nigger_trick,nigger_trick,127
nigjiro,Huahsoki,152
nigro13014527,nigro13014527,148
nikkogotbandz,nikkogotbandz,112
nimkef,nimkef,321
nlSaske,Moi98206442,315
no_drip_demon,SatoDaDumbass,157
no_drip_demon,no_drip_demon,157
nobodys_talking,nobodys_talking,108
nochillnonge,nochillnonge,176
nokiiyo,nokiiyo,246
nonbinar_e,nonbinar_e,152
noonecaresjess,noonecaresjess,397
norma_vienne,architivist,193
nosaj_j,QueenNat_35,189
nosaj_j,TBlade1889,183
notAQ_,notAQ_,172
notbookie1,ihygold,112
notcrislin,notcrislin,193
noteberle1,IvanovKamael,215
noterrion,noterrion,363
notetomariah,notetomariah,315
notgazaslim,notgazaslim,175
notlinda__,farxaan_iv,248
notreallysurebb,notreallysurebb,177
notsmonk,Ninejiro1,108
nottdeep,nottdeep,242
novawasaghost,Aeg______,149
novebmer,novebmer,139
nqobi_vili,nqobi_vili,158
ns_ultra,escapedconvict_,222
ntsikegumedday,Sirforde_Vol2,273
nudynu87,nudynu87,154
nunfiles,nunfiles,134
nunya70570097,nunya70570097,132
nvncbIs,nvncbIs,234
nvrmia,NoirNVMBR,138
nxbaafnkln,HUisXyr,136
ny4ny4aaa,ny4ny4aaa,135
nyclneiko,nyclneiko,135
nyembi_,Anzatshilidzi12,232
o_colleen_ooo,thoko__x,127
obamabeatskids,obamabeatskids,126
obiwanshanobi1,DebBRVA,269
ocho8colocane,ocho8colocane,243
oddbri_xo,commiewife,203
oddbri_xo,oddbri_xo,119
official_CeeYa,official_CeeYa,231
officialzayuh,Zeviuh,204
ogbrittnayy,ogbrittnayy,119
ognisson,ognisson,239
ogodthedeity,ogodthedeity,192
ohMelKi,ohMelKi,215
ohh_tmitch,ohh_tmitch,120
ohheyshaee,ohheyshaee,171
ohkneechan,ohkneechan,185
ohshxtfe,ohshxtfe,123
ohvidax,haniimhome,102
oiledbarbiee,oiledbarbiee,419
oj_nigger,Spr95Que,123
oj_nigger,TheRealOJ32,125
ojdacoochieman,ojdacoochieman,172
ojkobs,ojkobs,244
oldfuck_r,oldfuck_r,118
oldmanebro,oldmanebro,152
oldstockdixie,Nigger_Zoomer,102
oliviasmanager,oliviasmanager,139
olliiviiiaaa1,olliiviiiaaa1,120
oluwatoji,oluwatoji,226
omgitsmejudaea,omgitsmejudaea,217
omzinov2,SkySportsNews,115
onemanwizrd,iFuckinHateDono,167
online304,online304,395
onyuh_,BiigRobb,297
ooimouttahere,ooimouttahere,146
operoesqputa,operoesqputa,107
opinion_black,flace1,244
opiumfortendays,opiumfortendays,112
opsimath6,opsimath6,195
orangestinkies,Ditto_A_Pokemon,182
orondeus,orondeus,259
orphicbjo,orphicbjo,328
ose_ag,ose_ag,125
oshunsbitch,oshunsbitch,237
osobrinhodotio,Killerk58,280
ouuullea,Pastel_De_Miel,115
overdraftfee,overdraftfee,132
overwatchedd,troticss,217
ovo_tshepi,ovo_tshepi,129
owenmantall,QwentCFC,128
p5rkr,p5rkr,416
pIanethem,pIanethem,203
p_pengu,p_pengu,230
paa_quophi_boat,2hypeshowboy,114
pablodvnger_,deanjrFL,124
palc101,danielmarven,113
panafrikam,SaICommie,182
pandasidol,youreevicted,307
pandoras_core,pandoras_core,181
panxterax,panxterax,295
paperboiss,paperboiss,369
parisskeana,parisskeana,144
part1of1a1plan,part1of1a1plan,368
paxdrummond96,RicoCox6,143
pdelon03,pdelon03,134
peni1e,peni1e,112
penisgoblinjew,penisgoblinjew,141
pepebuckethat,pepebuckethat,106
percjordan,percjordan,135
phanny_dantom_,phanny_dantom_,107
pharrellelogram,kiing_Ismael,114
piercedclitz,piercedclitz,183
pierreboume,ilydremo,169
piss_taker1,piss_taker1,158
pixycIub,pixycIub,125
pkjinwooo,pkjinwooo,156
plainjane203,plainjane203,165
playwithyourmom,playwithyourmom,123
plsdontdoitsuh,acpillar,164
plsdontdoitsuh,plsdontdoitsuh,160
poisonivri,poisonivri,140
ponazamba,ponazamba,256
popegeocities,popegeocities,115
popeofkarens,popeofkarens,216
poppyfl0wer,poppyfl0wer,288
poseidontr1dent,poseidontr1dent,135
potatobalt,potatobalt,542
poundzLfc,poundzLfc,309
powell_maatla,powell_maatla,147
pradaIove,pradaIove,186
presidentmook,presidentmook,302
prettyurinal,prettyurinal,142
prettyyads,aliyrhea,150
prez420,GrindFaceTV,121
prohelensharpe,prohelensharpe,125
prxncesss_jpgg,prxncesss_jpgg,220
puff_step_daddy,puff_step_daddy,151
punishedsimmons,punishedsimmons,216
pur1n488,incelbased2,158
purplecock71,purplecock71,100
puthyfaeri,ch0buki,129
quaxri,BellaBoddice,235
queen_curator,queen_curator,115
queenc1973,queenc1973,108
quincillen,TMIC1997,113
quinnislegend,quinnislegend,158
quios3,quios3,103
qurumad,qurumad,265
qvnt_,qvnt_,100
rHQy6zIq0Rdt2vu,rHQy6zIq0Rdt2vu,167
racebanning,racebanning,108
rachealkash,rachealkash,268
racistniggar,racistniggar,105
raia6__,raia6__,260
rainyateyourkid,rainyateyourkid,147
rakgadi_t,pontsho_mp,104
randomstan14,randomstan14,163
rapedolfcumler,1000DOLLARSUSHI,164
rapekillniggers,rapekillniggers,135
rapist_99999,rapist_99999,183
rapistalexjones,rapistalexjones,256
ratchetrica,rubiaaajoy,127
ratedc4christal,ratedc4christal,126
rawc00n,ProjectXXX14,132
rawdenimonsole,rawdenimonsole,156
raybandsssss,raybandsssss,231
rayshaunacapri,rayshaunacapri,121
razz_li,razz_li,120
rchyuan,rchyuan,217
real_KO,real_KO,158
realdanielemeka,realdanielemeka,104
realemmanueljnr,realemmanueljnr,117
realhotgyushit,realhotgyushit,162
realmojobaby,realmojobaby,120
realmoneymadu,theinfamouscpa,142
realrytejay_,realrytejay_,111
recroomjw,Randy_Dandy21,126
reddtg_,reddtg_,176
redreup,redreup,146
regimentle,truthreveal100,336
relaxyana,relaxyana,128
rellnot,rellnot,141
replywithok,scrufalopagus,147
resergent,chiyocoart,164
reshest_nigger,00dera,217
reshest_nigger,reshest_nigger,1282
reshrodancer,Mystogankawaii,243
resiidentchaos,resiidentchaos,165
ret_ta_go,ret_ta_go,138
retard_yourmom,retard_yourmom,188
revilo250505,revilo250505,144
rezcoles,IISOPEX,146
rezcoles,SkullDD69,103
rezcoles,rezcoles,177
rhaynecoleman,rhaynecoleman,134
ricophasho1,BOOSIEOFFICIAL,107
ricric_denae,ricric_denae,135
ridwan,OhsakaRin,239
ridwan,kinokoyani,478
rinangelz,rinangelz,118
riotvexx,reworkudyr,130
riotvexx,riotsoraka,130
riotvexx,spaceglider1234,130
riouaisiteru,yeonwoo_is,119
rjcals,rjcals,102
rmani_ia,rmani_ia,250
rmanovs,rmanovs,287
rodderick100,rodderick100,129
rodimusprime,rodimusprime,140
rodney62393789,rodney62393789,148
rodrigo_alonsot,rodrigo_alonsot,108
roidpilled,roidpilled,138
romanoveyes,romanoveyes,145
royasdigitalego,royasdigitalego,134
rrrrr_rrah,rrrrr_rrah,128
rudeboy_taee,CallatePlease,150
rushiaphile,rushiaphile,160
rustedxtongue,spleenXpuncher,142
rvygo,rvygo,172
s0lid4you,weluvche,229
s0undw4vee,s0undw4vee,115
s1est4_88,s1est4_88,170
s1n4i,Yakuzant,252
s1n4i,doomfie,142
s1n4i,kidcudussy,144
s3un09,s3un09,218
s444dina,webshawty,196
s_mmerkisses,s_mmerkisses,158
saadakhushbudar,khaann141,138
sabsavage_,sabsavage_,141
sadanimator_k,sadanimator_k,157
sadesekonix,sadesekonix,129
sadloverickyy,v6rzah,114
sadmospheree,UltimateLewd18,178
sadtidddy,dasun_xxx,131
sadtidddy,sadtidddy,300
safiataa,safiataa,186
salvawhoreee,salvawhoreee,351
samaadio,samaadio,144
samdagiraffe,samdagiraffe,205
sameoIemistake,sameoIemistake,134
samkillsyou,suicidalnigfag,105
sammdoingstuff,sammdoingstuff,119
samuraijongin,samuraijongin,134
samxcr,samxcr,122
sanisdying,sanisdying,252
sanstreasures,sanstreasures,159
satenmadpun,satenmadpun,130
saturnsurreal,saturnsurreal,343
savvas2019,savvas2019,119
sayfldin_,sayfldin_,222
says_shea,says_shea,205
saysahr,saysahr,133
scenefren,scenefren,249
schedelcollect1,RyanKilvikOlaf,155
schw4n2,ivorianbabee,164
schw4n2,taycankey,158
scotty__too,scotty__too,122
scourge399,fudgewildcard,181
screwyoumegn,screwyoumegn,125
selenaristick_,selenaristick_,182
selfhateful,selfhateful,266
senko1223,senko1223,247
sennin_bruh,sennin_bruh,168
sentientcrow,sentientcrow,173
seulgimaraj,seulgimaraj,148
sevT__T,sevT__T,316
severalchains,severalchains,231
sexhaver98,gothkatsu,123
sh0tgunshane,killacamsmink,119
sh3_sucks,sh3_sucks,114
sha_getty,BottinPhilip,132
shamisoPeterson,ZakweSA,125
shankkks,CavAtSeaside,166
shegoesblah,shegoesblah,144
shehatekage,Z41NAA,167
shepherd_sondra,shepherd_sondra,501
shionnnnsan,shionnnnsan,127
shmmmubz,kysccalamity,168
shoelacetay_,shoelacetay_,291
shooterscars,shooterscars,137
shooturstylist1,shooturstylist1,127
shotahia,YungNegrowski,213
shqdowsburner,ayedocc,142
shugochaara,shugochaara,167
shuvrajput_,shuvrajput_,103
shvkurr_,shvkurr_,242
shwayzee68,shwayzee68,317
sibambatyoti,sibambatyoti,104
sicamore,sicamore,145
sigmafag,sigmafag,164
silverhatesme,schoolidolwife,120
silverr_phoenix,silverr_phoenix,121
simplerickasap,simplerickasap,152
simplyy947,altgem,108
simplyy947,simplyy947,148
simplyyghetto,simplyyghetto,143
simuphiweyinkos,MprueDie,135
sincerelyRiah,shaia_king,137
sirdeeboyd,Aww_OhKAYY,164
sirdiggems,sirdiggems,130
sirgabbana_,doesthepainend,132
sirron_a,sirron_a,109
sithious,sithious,238
siviksbloodbird,siviksbloodbird,304
sjfrmthe9,Daisenpaii,135
skatpac,skatpac,253
skeletinzghouls,skeletinzghouls,154
slaveowner692,slaveowner692,130
slim_godaffi,Thelovestarr,151
slimengrimen,bitches_stan,213
slink404,slink404,142
sloppaetoppaee,sloppaetoppaee,137
sloppytopping,sloppytopping,145
slowwode,slowwode,101
slumpd3s,slumpd3s,117
slxmesblade,slxmesblade,158
smallpoisons,INNERVISlON,100
snstvarchetype,snstvarchetype,139
snuggIetwt,snuggIetwt,141
sofichan_,sofichan_,325
soft_g0th,soft_g0th,122
sogdog4,sogdog4,116
sogucci6,sogucci6,103
soibouuu,TumidUrchin62,182
solanacrtl,solanacrtl,327
solarbrea,solarbrea,179
solemnlosr,solemnlosr,157
son_kenzie,son_kenzie,112
soryshoots,soryshoots,200
sossgirll,sossgirll,149
sotho_baee,Lickonher1,217
soundbolt47,soundbolt47,131
southernjawl,southernjawl,242
sp00kynigga,sp00kynigga,397
spacecoastshaw,spacecoastshaw,171
spaynky,marcu5y,162
spinagainya,spinagainya,146
spitnslice,spitnslice,140
sporcaputtana,sporcaputtana,225
stanthot1,stanthot1,107
starve4toji,burberrygf,165
stayfloyonce,stayfloyonce,166
stb_daniii,stb_daniii,129
steeleyaman,steeleyaman,112
stevesanderstax,hangonjames1967,209
stevozone4_,stevozone4_,126
stoneclay_,stoneclay_,118
storm_ssbu,WolfeScratch,248
strawcel,strawcel,331
strenuousxninii,strenuousxninii,308
stunnnajay,stunnnajay,158
stuntgdk,FIockins,112
stuntgdk,Slut4Katt,113
suboceanic,suboceanic,121
sugaalite,sugaalite,149
sugabelly,omogeradnoire,253
sugarsounds_bot,retardmeth,117
suhnamjoons,suhnamjoons,112
suirad___,suirad___,127
sujthesujthesuj,chungusfarter21,178
sultanluqx,sultanluqx,182
summerreneeee,summerreneeee,167
sunheiler,sunheiler,142
sunnsasha,sunnsasha,149
sunny_symone,sunny_symone,170
superdudesupe,Miguel_0223_,129
supersneedtime,MinionPussie,112
suprchnk,suprchnk,149
suqarpuppy,suqarpuppy,130
surrendrajit,MinangGermanic,167
sussyaryan,sussyaryan,615
suxwtf,summyanyws,245
suzy_re_co,suzy_re_co,138
svgartr4p,svgartr4p,156
svngirl007,svngirl007,200
swa_ausch,swa_ausch,129
swastikahearts,swastikahearts,138
sweet_jac0bs,CLlNICALLYSANE,123
sweetest_Tabuu,Sauceneverloss,235
sweetlkcinn4m0n,sweetlkcinn4m0n,158
sxintsrevenge,sxintsrevenge,353
syberpunked,NanaBeenHere,198
szamoonn,szamoonn,123
t_chidera,1BegsAli2,286
tabookazoo,tabookazoo,116
taita_apple,taita_apple,330
takemehomewavy,takemehomewavy,213
talentharris,talentharris,212
talkAbout_KD,Fergazoid_910,162
talz_boi,talz_boi,172
tangsanzangz,tangsanzangz,159
tapdotexe,tapdotexe,136
tarotbtch,tarotbtch,314
tathamite,tathamite,195
tawilabnazarat,tawilabnazarat,228
taxfrree,taxfrree,352
taydgemini,taydgemini,120
tealuvsyou,tealuvsyou,182
teddylj,teddylj,217
teddythelegacy,teddythelegacy,124
teebaby_igg,ilydremo,122
teenwithrage,teenwithrage,386
teenzzzo,teenzzzo,112
tellurium_guy,hiyashuma,135
terrayyowo,ssuwucidal,230
tessdotcx,bourgsil,137
tetzoojin,tetzoojin,158
teylashaye,teylashaye,178
tezaltacc11,notsonakiras,280
thami_tom,Mesuli_Mlandu,147
thami_tom,MmusiMaimane,272
thami_tom,Simphiw12387721,167
thami_tom,murunzinipp,113
thatbxtchzani,thatbxtchzani,536
thatidomagirl,dojayonces,138
thatniggaz4ck,thatniggaz4ck,118
thatsal49868227,thatsal49868227,145
thatsoshennylee,thatsoshennylee,149
the786official,the786official,141
thePoWer_RangeR,Alpacapolitik,219
the_great_azoo,liquidwise,171
the_greatgazoo,the_greatgazoo,150
theblaquesheep,RIINASTYY,146
thebowtieboys,thebowtieboys,269
thechosenwonn,thechosenwonn,166
thecozyhermit,IWriteAllDay_,130
thecozyhermit,thecozyhermit,242
thecrnachase,temafudge,164
thecutesalute,thecutesalute,148
thee_idiot,thee_idiot,304
theeashleyray,theeashleyray,191
theereallord,theereallord,314
thefreeknd,thefreeknd,202
thegaptoothleo,thegaptoothleo,114
theharpoonman,theharpoonman,314
theirabyss,kaneweat,159
thejennybones,Moms4LibertyWC,245
thejordansphere,thejordansphere,145
thejustjaayyy,thejustjaayyy,103
thejuug,ZeeToThe,135
theking_herself,evilrashida,136
themaledorian,themaledorian,131
themfrecords,themfrecords,1031
themightydrake,discantus2000,148
thenineteen98,thenineteen98,348
theonly_omari,theonly_omari,137
theonlypeach_,theonlypeach_,177
thepeacewithiin,thepeacewithiin,123
therealFloZarT,therealFloZarT,170
thereal_topher,DomDiCaprio,121
therealstaysoft,therealstaysoft,197
thesinfulpoet,thesinfulpoet,135
thestupidsac,gastergj1,162
thevivianbanks,thevivianbanks,241
thewaveisdead,thewaveisdead,175
theworldbytimi,kingtea613,150
theyluvmi,theyluvmi,335
theywasstalkin,theywasstalkin,177
thoko__x,thoko__x,342
thoocka,thoocka,108
thorough_bella,thorough_bella,158
throwawaypt2,throwawaypt2,112
thtgirljae,jazzzzzzyj,129
thxrty3,Bravo0_6,204
tiabbea,tiabbea,144
tiddiesonfiree,tiddiesonfiree,147
tinashe4k,tinashe4k,121
tiredIesbian,KuddlesomKraken,133
tokosyomaru,tokosyomaru,318
tommy__g619,J_SaltyDeez,125
toneiross,ms_duckworth,144
tonyashai,tonyashai,229
tonyybeautyy,tonyybeautyy,146
tqisdatyou,tqisdatyou,245
tracphoneshawty,tracphoneshawty,151
trailoftears69,trailoftears69,411
travionl1,T_Tate3,153
treaz2x,llaurenttrr,155
treaz2x,treaz2x,182
treyin,crackcobain__,237
trickdickdadon,ravenjaneyy,148
tricotVEVO,tricotVEVO,118
triggatreash,triggatreash,175
trillnae,trillnae,114
trillsyd_,trillsyd_,227
trini87,trini87,135
trippinoveru,trippinoveru,165
trishingram70,trishingram70,659
trizzy_2_times,tbformayor,111
troIlhattan,troIlhattan,118
truthreveal100,truthreveal100,422
truwcel,aryanincel,120
truwcel,hispanocel,168
truwcel,truwcel,1023
tsukuh0mie,tsukuh0mie,160
ttamillionaire,osowxvyy,120
tularosaax,tularosaax,128
tuppence1843,Cockwomblethro1,164
tuppence1843,JohnTul22215834,218
tuppence1843,cidlives,217
tuvandead,tuvandead,153
twcecore,pleasedonttryto,166
twikinegr,twikinegr,112
twinkIerenjun,twinkIerenjun,166
twinksizedbed,twinksizedbed,135
twintowerpussy,CrustClinic,217
twkiter,SigmaUme,116
tyreealexander_,freenegreaux,140
tyshaqur,tyshaqur,188
uItraben,uItraben,137
uf_aamus,uf_aamus,144
uglyassjerry,uglyassjerry,217
uhkeylee,uhkeylee,237
uhnonduh,dxissy__,217
umtamedx,umtamedx,116
unbeat4best,unbeat4best,135
unbrokenpod,unbrokenpod,190
uncleiso,uncleiso,136
underrheaven,underrheaven,154
ungodlylayla,ungodlylayla,142
ungodlynectar,ungodlynectar,219
unnderctrl,unnderctrl,165
upstatefederlst,upstatefederlst,329
urlbanned,urlbanned,160
user174023,SincerelyNitds,117
uzuisbsf,uzuisbsf,215
vadacult,vadacult,301
vampire5lut,vampire5lut,372
vaultofnoah,vaultofnoah,242
velvetsno,velvetsno,239
verberile,verberile,325
verdemami,verdemami,140
vernonleeiii,HELIOARIA,307
vezzyy7,vezzyy7,148
vhelgywelgy,vhelgywelgy,322
vibin7770,EllisImDrunk,153
vicyll,ifi_david,125
vinsconcubine,lilxhuddi,147
vinsconcubine,vinsconcubine,147
violaceousplum,violaceousplum,189
virgotweet,virgotweet,147
vivy_midnight,vivy_midnight,158
vllanii,Mellyize,108
vlonekaelynn,NoSleepVamp,114
vngelique_,vngelique_,117
voldykush,voldykush,110
voodooman98,voodooman98,162
vqnjaa,xist1n,150
vraremike,vraremike,118
w0kkstarr,w0kkstarr,122
wa_kahugu,wa_kahugu,217
wabfat25,kemiadetiba,160
walkingseemsfun,walkingseemsfun,146
warestinqs,warestinqs,237
wasthatcalled4,wasthatcalled4,132
watertrevy,watertrevy,324
wavv720,wavv720,119
wavyusuke,wavyusuke,124
waynelogic,waynelogic,217
wayvydon,wayvydon,140
weboenojada,weboenojada,227
weluvche,weluvche,225
weluvtone,weluvtone,166
wendy_carterJr,wendy_carterJr,128
wewantasiar,chamangomama,135
whatlfiwasblack,MORTALSTREAM514,122
whatlfiwasblack,whatifiwasblack,122
whatsmahnayme,SouthpauzArt,131
wheresNoodles,JahmarriHaynes1,302
whiteler2020,whiteler2020,146
who_uzi,JustJaaden,182
whoisSkynot,whoisSkynot,134
whore4lexia,godsplenda,209
whotag69,whotag69,180
whtglato,whtglato,161
wikileaks,wikileaks,203
wildcatpeace,wildcatpeace,178
winestainedwhor,winestainedwhor,117
wisht0t,DomTittyFroster,239
wiztizy,wiztizy,150
wkamaubell,mightygiant420,247
woosluver,T1NYJINNIE,153
wponizedautism,truthreveal100,152
wuzuii,xwpajq_dayu,204
wwwinco,wwwinco,121
wydconnviqs,wydconnviqs,219
x3mism,x3mism,256
xDAMELIOx,xDAMELIOx,308
xIvyLeague,xIvyLeague,100
xKingDodongo,SabinFain,118
xQueenMelaninxx,xQueenMelaninxx,158
xXxTreaderxXx,xXxTreaderxXx,304
xZachPhillipsx,xZachPhillipsx,135
x_mondoo,x_mondoo,139
xashkardashx,xashkardashx,125
xavthechav19,xavthechav19,118
xclsvZERO,beebinton,151
xclsvZERO,cochise,179
xclsvZERO,crackcobain__,442
xclsvZERO,sneerid,191
xclsvZERO,zxxkf_,195
xcvDai,xcvDai,354
xkittenspacex,xkittenspacex,136
xmxonster,xmxonster,156
xochini,xochini,244
xolaniXnkosi,xolaniXnkosi,184
xshxnti_,xshxnti_,150
xsupahgaming,umar69420990,157
xtxul,xtxul,147
xuma___,rwanda_adamOg,304
xyxyasf,soulhatesyou,120
xyz_valerie,xyz_valerie,128
xzaviier_,KartiFN_,100
y2_26,y2_26,135
y4nso,ZeyoTropChaud,108
y7nghees,y7nghees,223
yahseeyah,yahseeyah,115
yandhiisntreal,ricebalIs,261
yanlisgff,shelfc4t,227
yanlisgff,yanlisgff,227
yayabeautee,yayabeautee,182
yeaitstrill,yeaitstrill,246
yelshapoliti,yelshapoliti,232
yeoluvn,0X1HONG,150
yeoreunseo,4KJENNIE,146
yesimjaylen,yesimjaylen,182
yesmaralook,yesmaralook,126
yhakerraa,yhakerraa,222
yikesdotedu,kennybeats,142
yjidollz,yjidollz,108
ymele17,ymele17,156
yoalejop,Klaz1x,151
yohvnblvck,yohvnblvck,265
yolilboifrien,yolilboifrien,225
yorodieng,pydiouf1,129
youcaantkillme,youcaantkillme,157
youngWILT_,youngWILT_,442
youngbossvic,youngbossvic,175
yourfavetally,yourfavetally,133
yourhaja,yourhaja,101
ytgirlsaysnword,ytgirlsaysnword,290
ytnchubz2,PabloBurner_,116
yukanyakano,yukanyakano,121
yummy_turtle,Deemyouworthy,245
yungbapp,yungbapp,182
yunginnbby,shostoppa_,329
yungstockmoney,yungstockmoney,244
yuutaisgay,yuutaisgay,114
yvng_serr,yvng_serr,262
yxngDrxzzy,yxngDrxzzy,231
z00t1d,needyinmytime,111
zaechunggg,t0nybgoode,104
zakiwillis141,CALI4YAREBEL,166
zalesone,zalesone,217
ziiiiibrire_sub,Anqaso,217
zillionaire_,Vikemu_Ke,115
zimkhitha4,zimkhitha4,260
zoharlogos,CannotHaveSex,120
zoroscult,zoroscult,120
zvtjlpxx81624,zvtjlpxx81624,137
zxxkf_,oozie_vurt,173
zxxkf_,zxxkf_,185
zzzcfanpage,CAMGIRLOLA,134
