Visible Name,Total Likes
00dera,237.0
0X1J4Y,148.0
0akfra,252.0
0cd1432297dd480,106.0
0fficialjj,1620.0
0nceSaidNah,206.0
0v0_kanitan,1144.0
11pctColonizer,584.0
11wdNICK,162.0
12834567I75,335.0
12_raheem,117.0
14Ritsu88,2309.0
15_Inch_Soft,160.0
1783Amer1can,180.0
1804_gang,119.0
1BobbyNeutron,133.0
1CountOnQua,324.0
1DarrenHoward,655.0
1DayPastDue_,455.0
1G0DBODYZAY,1474.0
1RealEstate__P,119.0
1RealNigger,128.0
1SEVYN,8821.0
1StrongBlack1,633.0
1account6lifes,120.0
1aespa,2170.0
1boyboy_,5285.0
1djzaida,311.0
1gleazy,467.0
1jiare,123.0
1kevinM,214.0
1mubz_,309.0
1richcinco,280.0
1smeed4asuka88,7338.0
2020istrash2020,119.0
2630j,373.0
2HeavyPop,418.0
2Managua,110.0
2ShotsAnt1,114.0
2Tangled2Tom,208.0
2hu_polygamist,5655.0
2icyy,194.0
2kGrinch_,237.0
2kawt,10999.0
2kool_4school,106.0
2oolucki,162.0
2turntho,123.0
2twinchoppas,1490.0
30THEGRAND,155.0
360Mints,1556.0
3O1TY,273.0
3_HEAVEN3_,2014.0
3dwade5,499.0
3f3oghenemena,851.0
3m481,450.0
410Quise,131.0
410xkim,111.0
430LU5,886.0
43VRalive,516.0
444XOAM,101.0
444phrogs,168.0
44vntes,135.0
45qM,440.0
49aw_,614.0
4KJENNIE,266.0
4cusedUptwn,220.0
4everbowleggz83,172.0
4ezine,120.0
4urelia44,131.0
503Shark,143.0
50shadezoftae,122.0
5Unproven,278.0
5thouxanbans,245.0
613gems,114.0
666Jefe,264.0
6iskyy,196.0
6ix0nup,809.0
6l3gems,18.0
6th_kage,144.0
7286_2,124.0
747BlackGuy,1110.0
747Senpai,440.0
76moxi,898.0
7Astr0,2749.0
7DayMimikyu,2252.0
7shego,109.0
7ssieno,1174.0
8007Myth,841.0
808cosmicdates,163.0
80ProofTruth,501.0
82RonaldRegan,343.0
843KT,128.0
89719Avi,1271.0
8_BIT_INJUN,120.0
8prettyhaitian,9978.0
90lbs,144.0
90sweekend,247.0
96dbFreak,106.0
97linersluvr,2671.0
99Trinhs,217.0
A1Showtime,469.0
A3TROTHOT,212.0
ACSfessions,5493.0
ADNance5,326.0
ADVICEREJECTER,390.0
AGlTATOR,254.0
AI_Metro,375.0
AJTheManChild,401.0
AKidNamedDom,248.0
ALEX5432118,1076.0
ALEXANDERATTACK,118.0
AMIRAWASHERE,1066.0
AManYouLove_T,141.0
ANTIElLlSH,326.0
ARTheBeliever,176.0
ASAPSHEMBE,126.0
ASAPSYN,22.0
ASHARKrespecter,1223.0
ASTR0GIR7,134.0
ATLANTEAN333NS,570.0
ATSr35,202.0
ATY600,229.0
AVEFOUR4,182.0
AZ_Leftist,1077.0
A_HoleAnderson,2572.0
Aarondadon24,27502.0
AbdiaHighDef,398.0
Abiretranki,177.0
AbrarSuleiman,615.0
Abusisiwe5,1792.0
AceLewdArts,1768.0
Ace_Eca4,781.0
Acham34822762,424.0
ActiveRoberts,492.0
Adagiearcstan,516.0
Adan23180578,134.0
AdarAyiraViews,190.0
Addictedtopiss,4465.0
AddieforADV,441.0
AdelesBabyDaddy,179.0
Adiskevin,474.0
Adrianooooooooh,862.0
Aero36Aero,777.0
AfrikaHot,509.0
AfroNutnut,738.0
AgarthoScythian,335.0
Agenttrollface,2046.0
Ajess17233685,167.0
AkaiNeeto,1076.0
Akhynusszer,471.0
AlbaniaGenius,402.0
AlbionsSneed,8047.0
Ale_x851,2.0
Alenciaxo,282.0
AleshiaNicole,338.0
AlessioUrban,175.0
AlexB83004963,575.0
AlexSan75164110,169.0
AlexTheEscape,437.0
Alexis27954130,102.0
AlhassanAlolo,473.0
Aliwos3,135.0
AllHailPearlie,571.0
Allan_Keys,13441.0
AllisonSaintme3,0.0
AlmightyPearls,135.0
AlmightySto,484.0
Almighty_Loje,264.0
Alsy_77,1130.0
Always_Wright__,119.0
AmalRashford,4490.0
AmazonCan,972.0
Amber_doll81,221.0
AmericanRhodie,294.0
AmiaahG,3204.0
Amiicia,168.0
AnAnomaly518,253.0
AnClimacus,1461.0
AnarchyHabitat,247.0
AncapdeistO,101.0
AndrewSeumas,110.0
AngelAA1997,133.0
AngelFaceDGAF,145.0
AnikiChad,1003.0
Anitude,217.0
Anointed_Mouf,214.0
AnonOpsSE,191.0
Antidizy,258.0
AntoinetteJam3s,323.0
AntyRootz,349.0
Apanage21,385.0
Aphiwembande,173.0
AppealToPathos,121.0
ApresVictoria,747.0
ApuBig,4888.0
Ararangina,476.0
AretasOf,464.0
ArmanShahmo,432.0
Armisryvvs,167.0
ArnoldSaint2,211.0
ArthurCrown5,160.0
ArtistMayaRenee,634.0
AryanCumSchizo,4594.0
AryanPeanut88,714.0
AsaMonae,294.0
Asapoddfuture05,136.0
AscendedKee,740.0
AshleeLennon5,295.0
AshleighCreativ,347.0
Ashrm__,113.0
Ashtronomics_,281.0
Ashyyy___,225.0
Aspecificbackup,147.0
AssyrianKang,270.0
AstrologyAfro,531.0
AtibaLegba,128.0
AtlantaMasala,105.0
Atse_Solo,270.0
AudVisuals,123.0
AudreLawdAMercy,122.0
AurileusFC,336.0
AuthorNinaPerez,270.0
AutistItalian,1295.0
AvDamba,160.0
AvelaMAwisa,174.0
AvgvstvsSecret,6254.0
AyOtwist,358.0
AydenHawkins11,119.0
AyePseudonym_,162.0
Ayeezy11_,135.0
AyetemeS,164.0
AyimEssien,184.0
Aynrg4,138.0
AyyeeLuv,278.0
Azania_my_home,156.0
AzeemBearnard,252.0
BABYP_,282.0
BEYBLADE_NIGGA,350.0
BHADDIZ,148.0
BIGBUTTBIMBO,8213.0
BIGGangladesh,217.0
BIameHush,164.0
BLISSFULSEONG,168.0
BLVCK_PLVT,695.0
BNCNews,111.0
BOUGAIUNPOKO,155.0
BRIANZUG4,111.0
BRlANNARANEE,116.0
BTCWeatherman,425.0
BVandau,162.0
B_Dino313,1026.0
B_Lewie,919.0
Ba_Sitt,2071.0
BabaTreeshLover,311.0
BabbyBaluga,4861.0
BadCigarro88,448.0
BadGuyfn_,603.0
Baddmann_x,119.0
BadgeNo04011987,358.0
BagnoleRaoul,101.0
Bagrationistan,133.0
Baim_Hakani,201.0
BajanCj,115.0
BalChana88,191.0
Baldhedrapunzl8,134.0
BallatvE,138.0
BallinKoroma1,314.0
BaltAgePervert,2083.0
Bama_blackberry,155.0
BangtanIrie,687.0
Bankio7,200.0
BantuIqbal,6077.0
BarbarianFren,596.0
BarbieDsl2,677.0
BarbieTheeStar,709.0
BarnaclesOffici,218.0
BarrRashad,132.0
BasedExpat,347.0
BasedLunaGhost,112.0
Basedshade,822.0
BashaOnTheCYX,118.0
BassadoContinuo,2423.0
Battlefront2004,1664.0
BawseKitty,542.0
BeachGroyper,138.0
BeardedGoatKlan,243.0
BeeMarciaMoholi,166.0
BeeduoBrainrots,583.0
BeenMace,9174.0
BekayGrace,159.0
BelsonElaine,102.0
BericMcTavish,1501.0
Beverly79943415,1744.0
BgRs,293.0
BholeykaBhakt,118.0
BiBi196_,537.0
BiGBankDev,135.0
Bibo_George,156.0
BigBadRoman,1398.0
BigMoTheCowboy,3280.0
BigStefoo,349.0
BigTJdaGreat,133.0
Big_Rayo,135.0
Biggest_poppi,408.0
Bigsfrmda7,249.0
Bigstep88921988,159.0
Billybillynrly,216.0
BimboBaggins_69,281.0
BiohFah,108.0
Bitchesmolotte,243.0
BizzerkAlmasy,132.0
BklynBreedGC,349.0
Blac1st,164.0
BlackChrowne,5784.0
BlackGeniusKing,1495.0
BlackGirICinema,1838.0
BlackHoneyMa,2456.0
BlackStar95CD,126.0
BlackSupremeKai,120.0
Black_Isco,268.0
Blackmamba_Jnr,305.0
BladeExt,230.0
Blazeily,182.0
BlcKismygender,388.0
Blockeninternet,123.0
Bloodsugaa,327.0
BludWine,186.0
Bobbus_Gracchvs,2133.0
BobbyBusmoni,399.0
Boers37,1248.0
BoickyH,304.0
BoltBoy42,2940.0
BombBawerk,248.0
BombJackNat,918.0
BookOfBran,209.0
BookersBurna,424.0
BoomerTanya,460.0
BootednTooted,2153.0
BootyCalBlkBean,170.0
BornitaSheena,1954.0
BosnianMaxx2,322.0
BossaroIce,108.0
BottinPhilip,399.0
BougieBlackness,712.0
BoyWife4Man,384.0
BoycottHegemony,450.0
BozoAfrikanus,454.0
Br0what,339.0
Bradhell,322.0
BrapmasterFlash,707.0
Bravo0_6,12558.0
Brayosamuel,126.0
Breadlinetoast,117.0
BreakfastDude98,936.0
BrianShauntee,119.0
Brighter1fx,503.0
BrikFlair,2226.0
BritishRevanche,370.0
BrittSlowden,108.0
BroWhoDis,207.0
BroZamir,252.0
BroderickB08,229.0
BroganRamara,154.0
BrownSkinGirl88,236.0
BrownSundjata,2135.0
BryantKimani,243.0
Bryweekly,244.0
Bshakes24,146.0
Buccketss,588.0
BuddhaMichael,205.0
BuhleNdlovu_,118.0
BulgingMeatcock,5981.0
BurEtsi503,113.0
BurdettemdC,128.0
Bury_2YK,132.0
BusyLia,117.0
BxPxpi,169.0
C4TGlRLN4YEON,107.0
CAPTAINSAFI,195.0
CAPTAINSHABEEL,210.0
CARTERmated,302.0
CBRzyanaiyo,208.0
CE45EVEN,213.0
CGTHEGOAT,339.0
CIMIBOT1,1841.0
COVIDenjoyer,2602.0
CPoizinus,160.0
CR5_Era,136.0
CRYOKlTTY,104.0
CS_AshotOF,137.0
CTAISALMOSTHERE,97.0
CTRLty,126.0
CUNTFUC1US,354.0
CURVEDBOY,9190.0
CaIteckinho,205.0
CaashoCagdheer,187.0
Caesar_VICI,322.0
Cafe_le_crush,140.0
CakeBlacked,156.0
CalicoBriggz,356.0
CaliforniaBuzz_,245.0
Calilsant,210.0
Calvin74364386,108.0
Camila63372737,257.0
CannibalHitler,137.0
CannibalismP,575.0
CantBanBob,130.0
CantTuli,186.0
Capodre_,147.0
CaptHughJampton,424.0
Captain99071842,150.0
CarineK,211.0
CarkhumJonni,180.0
CarlBra36438941,1285.0
Carlslergfan,642.0
CasanovaThePlug,108.0
Cashmanjnr,237.0
CatboySexgod,212.0
CatherineKamoga,180.0
CaudilloXV,236.0
CcReactive,208.0
Cchaoss1222,310.0
Cde_Chef,146.0
Celticpapa256,270.0
Ceoofchloe,432.0
Cesc_lukuko,1149.0
Chaarab478,394.0
ChakaDemusAndN,362.0
ChayButtaBaby,924.0
ChefRykard,171.0
ChefShake_,150.0
Chefito15,272.0
Cherrys_Son,202.0
ChiefBinedu,1501.0
ChikhBilal3,310.0
ChironLIOS,734.0
Choco1ope,207.0
Chris4Perkins,1944.0
ChrisAlanComedy,106.0
ChrisDiss11,131.0
ChrisPchickn2,131.0
ChrisPeriod_,259.0
CielEnjoyer,1001.0
CinoOf,1511.0
Circles,394.0
CisNyakundi,1113.0
CityBureaucrat,3394.0
ClappedChrollo,410.0
ClappedRy,150.0
ClapzNemo,726.0
ClaytonMatomela,132.0
Clockworkblcc,1597.0
Cloudy_Skys8889,203.0
CoachPazGym,102.0
CocoBandicoon,211.0
Coinbasehead,264.0
ColbyNotLopez_,3440.0
ColorOfChange,190.0
Comedian_NickM,230.0
ConceptualJames,148.0
ConjureManJ,648.0
Cool17Haha,274.0
Cool_Guy410,304.0
CoomersMoment,2976.0
CoonBoyMix,592.0
CopperVessel,396.0
CorvusRiver,312.0
Coster_ZA,4881.0
Covid_Variant,3154.0
Crafting6464,346.0
CrashCFC,117.0
Creekistheman,438.0
Creolekordei,286.0
CrowMeca_clips,160.0
CrowWhite2,410.0
CrowdkillsWomen,618.0
Crypt0ghost,296.0
Cthegoat,150.0
Cunicularius,665.0
Cuntosaur,242.0
Cupcakkedup,129.0
Cursed201,1145.0
Cutefunnypilled,3759.0
CuttinLikeDJ,110.0
CxpoWya,3816.0
CxrpseLxrd,129.0
CzArODriego,153.0
D0ntChange202,198.0
D1CKSoft,130.0
D1nz_val,181.0
DBrymmez,415.0
DCakesss,124.0
DDDotun0,135.0
DEAADSEAA,372.0
DEFStories,216.0
DEVlNB00KER,888.0
DEVrockstarr,1860.0
DJA_Tron,111.0
DJHoodiethegoat,333.0
DJKillaSquid,131.0
DJ_Shmood,286.0
DJigg_,143.0
DMan6ixx,220.0
DNiceisdaILLEST,237.0
DOOMSREVENGE,1714.0
DRACOfrm29,882.0
DROPCOFFIN1,283.0
DVNDWNR,142.0
DYEhour,1183.0
D_Dee_Mat,430.0
DaJosephite,277.0
DaRealFrd,237.0
Da_Riot_,135.0
Da_niggah_dylan,141.0
DaddyLaRue,128.0
Dagim_Y,144.0
DaiDai_TheGoon,170.0
Daliso_LU28IM,460.0
DaluGram01,134.0
DamienM51154917,119.0
DanJuma34876536,169.0
DaniAlKulaty,250.0
Danielswithe,318.0
DannyPhantom89,1909.0
Dannybo47305087,155.0
DarAzRaa,424.0
Dark_Revenant69,454.0
Darkvib6z,258.0
Darronimo,739.0
DashDialga,797.0
Dat1BlackGuy786,224.0
DatDarnell,1379.0
DatsVonDoe,153.0
DaveBautista,152.0
DaveKengabi,3108.0
DaveRoberts9267,926.0
DaveSim25817596,146.0
DavetheCoolVA,236.0
DavidCRussell5,936.0
DawgAssDiam,145.0
DawnsElite,324.0
Dazzleyerii,206.0
DeVineSkin93,212.0
DeanObeidallah,164.0
DebraMessing,101.0
Debtlifts,1741.0
DecoyGodx,524.0
DeeJayOhenny,2535.0
DeeMayweather,378.0
DeezyTheSuper,106.0
DefiDreesus,434.0
Dementia3179,202.0
DemonTimeRomz,203.0
Deo_Cash,316.0
DeraldWayne,116.0
DerkAlmightii,347.0
DerrickUwU_,104.0
Derrpi,175.0
DesNotDesmond,312.0
DespairNigga,882.0
DetasDepression,110.0
DevoIaMeIano,158.0
DexHinton,1110.0
DeyBeOnANigga_,2665.0
Dezzylicia,116.0
DiamNdlyne,316.0
Dick510Rogers,249.0
Dick_of_a_god,830.0
DickiePena,160.0
Die4Montana,408.0
DieKevon,297.0
Dieu_Donne_,194.0
Dimejisayso,636.0
DingDong_Jr,757.0
DioDelVino,126.0
DiogenesFan1,136.0
DiorChriss,119.0
Disarry_,172.0
DishCentral,566.0
Dizzymackk,261.0
DjJiggyJim,135.0
DlInterracial,2556.0
Dlor231,167.0
Dlphilly2151,2292.0
Dmvmadedrew,577.0
DnaMehki,161.0
DoGTv7,113.0
DoctorAmigo2,1856.0
DodooFN,552.0
Dollysham1,504.0
DomGar18,397.0
DonCubez,110.0
DonNedved,135.0
DonQuaye2,103.0
DongHaver,7766.0
Donniethedad,156.0
DontBanMeBinks,550.0
DopeQueen_E,603.0
DoritoMuncher69,146.0
Dotgerrah,382.0
Double701,1855.0
DrAlexHamilton,1589.0
DrBaccshots,4206.0
DrGrengolis,128.0
DrJuma_M,1767.0
DrWJV3PhD,170.0
Dr_Raccoon_Chan,2993.0
Dragkonias,344.0
DrawssIimv2,3496.0
Drazun1,147.0
DreDayyy5,237.0
DreadHead1522,177.0
DreamKeem242,221.0
Dreampopbf,348.0
DreemurrAsie,1909.0
DriftNevsky,544.0
Drowzii4,316.0
DrugAdd31446158,134.0
DrunkUncleP,118.0
Duck691488420,1239.0
DueSevine,1392.0
DukeTheGrio,124.0
DuragFanaticTV,3225.0
Dutch_PDX,812.0
DwayneDavidPaul,384.0
Dxisukee,146.0
DxpeDon,111.0
Dxusha,154.0
DzivdzanRadule,229.0
ECAFSpice,1164.0
ELL3CFpower,122.0
EPIPHANYNGGA,138.0
E_Black_says,336.0
E_Odong2,192.0
EariSan_,159.0
EarlOfGC,201.0
EarthFirstTrip,4256.0
EatingAssisgud,162.0
EdgarTarly,716.0
EdgyYTEraOOC,1242.0
Eduardo74403551,194.0
Edwinw_1997,354.0
Eimy01200715,1235.0
ElNoelXdxd,183.0
ElPrincipePique,172.0
ElR3YS1NC0R0NA,228.0
ElTero38453684,120.0
El_vanoh,1316.0
EllisQuailey,143.0
Elohim_J,1075.0
ElormThenameis,858.0
Elputamadr3,328.0
Elysian__,502.0
Emery_knz,108.0
EmmanuelAmoruwa,367.0
EmpyUnplugged,193.0
EnderFishyFN,325.0
EndlessTony,259.0
Enemyfascist,608.0
Enthoven_R,14638.0
EphraimB,132.0
EpsilonMale,523.0
Eriittae,864.0
ErixLillardFan,253.0
ErlineP,138.0
Erose70,812.0
Errielle_ET,536.0
Eshaywaffen,387.0
EsotericTundra,2003.0
EtherealZero,151.0
Etrouse,9975.0
Europe_Awake_,377.0
Evamari07938975,126.0
Evan_Almightee,465.0
EverIyke1,1584.0
ExactMoonlight,665.0
ExamplePrime,188.0
Exiled_Jason,2333.0
Exorcistdxwn,374.0
Exothickk,832.0
Eyes_too_Low,161.0
Ezmoneyjones_,133.0
EzzyWorld,3028.0
FAIRIESASCEND,5315.0
FAMUBBG7532,254.0
FCBreatheOxygen,927.0
FCreborn10,101.0
FENNIX_FNx,180.0
FKAMcButtz,872.0
FUUUUUUUCCKKKK,2182.0
FacetiousKhan,191.0
Fad3Ad3,660.0
FaeceSocietatis,2038.0
FaiithieG,773.0
Fashapu,468.0
FastLyons,122.0
FatGleeshLeen,949.0
FatJayChillin,214.0
FatManKeat,276.0
FatMermaid_,627.0
FckHowYouFeelFr,229.0
FelonMusk13,106.0
FemcelStruggle,162.0
FeroREBOOT,111.0
FidelisToJusti1,6925.0
FilipooFN,470.0
FilmThePoliceLA,7525.0
Fisically,259.0
FivioJayy,141.0
FlNALA,244.0
FliesTime8,128.0
Flo_Mealy,347.0
Fluseph,116.0
FordTaurus2005,162.0
Foreiigner1,282.0
ForeverSymone,875.0
FoxSpiritsBride,193.0
Fox_McCloud_,117.0
FoxyJazzabelle,522.0
FragonardRapist,333.0
FredRiverBaby,211.0
FrogMAXX,246.0
FrostyBites121,675.0
FruitfulJ1,114.0
Fuckdisappfr_,103.0
FugazinPty,112.0
FunnyDog1552,144.0
FuriousBlxkk,232.0
GAL0RES,103.0
GDKperc,224.0
GHMFelix,1149.0
GL0RYG1RL,16144.0
GLO_TAKEN,1650.0
GMajorTV,600.0
GODC0MPL3X,122.0
GODFATHER_4SURE,288.0
GODXSAVAGE4O,207.0
GQBKR,462.0
GST_LT,3933.0
GUphinda,276.0
GValues,132.0
GalileeImao,915.0
GallitoFelizzz8,670.0
Gamer69Foreskin,352.0
Gamso04134928,136.0
GandorArtistry,285.0
GapeTard,128.0
Garconeta,487.0
GaudSauce,136.0
GawdHector,6946.0
GaydarMykel,128.0
GayestKeyblader,135.0
GdutGkech_,270.0
GeeDee215,695.0
GeeNessMusic,128.0
GeecheeSociali1,2129.0
GenBiotics,274.0
GeordiLaforgei,2058.0
GetindorYT,110.0
Ghansah_jnr,218.0
GhostKitty88,108.0
Ghostzyxo,2406.0
GideonArchitect,130.0
GimmeYaAssNigga,182.0
GirlsDemSugarMG,3072.0
GivenKruger,234.0
Given_Kompule,232.0
Gladius_fren,136.0
GlenGavin7,635.0
Glizzy_dgaf,459.0
GlockBoysSJ,143.0
GlowGuru_,239.0
GnarIsBukowski,1611.0
GnosticHitler,1061.0
GodPristine,101.0
GoddessKayla231,211.0
GodofKrypton,716.0
GogginsQuote,436.0
GonKilgore,989.0
GoodnesDat_Walk,144.0
Goofier17,157.0
Gooner67mdh,131.0
GorillaTitVenti,8976.0
Gotti2Hottiee,141.0
GrailHunter69,1340.0
GranpaDann,167.0
Gray_Panda25,428.0
GreezyThaDon,169.0
GreggDrawsStuff,186.0
GribbleYell,2548.0
Grimeyy_Gabe,145.0
Grinoldy_9,1569.0
GritzBrown,4022.0
GroyperGems,333.0
Guccigulwhore,540.0
GuijarroMarko,335.0
GulaginaGulag,192.0
GummiPie,752.0
Gummo2020,158.0
GunFamily313,1370.0
Gunter83568755,154.0
GurgBudung,105.0
Gus_JordM,3904.0
GustavinhoJoao,190.0
Gxntse,162.0
H0NEYRIVER,446.0
HJTitty,150.0
HODlAC,374.0
HOODPRINCESs201,137.0
HSouthwellFE,8776.0
HackneyAbbott,140.0
HailCamTheGreat,119.0
HailSalem666,1211.0
HamdiRifaiJD,1649.0
HangmanBryce,157.0
HangoWiza,291.0
HaninGaJanai,390.0
HannahSchadle,179.0
HappyBullsFan11,167.0
HariOnFire,3417.0
Harisonlight,819.0
HarleyQuinn_NJ,144.0
HarounRashid2,4662.0
HasFunOnline,156.0
Hassbotschafter,325.0
HateYndira,219.0
HeadEmptyZ,157.0
Headgraphix2,206.0
Heartbreakercod,252.0
HeavenlyLuvr,136.0
HeavierArms,150.0
HeilRadec,2765.0
HendersonHabibi,298.0
HennyLundqvist,350.0
HenrikJonasson3,272.0
Heorot_,114.0
Heraclius1488,322.0
HerculeanRell,103.0
HermosaaOsama,712.0
HervGotti,776.0
HesGoinBald,838.0
HeyJK93,231.0
HeyTerezi,155.0
HidingUn1verse,2394.0
HighIQWigger,9900.0
HighKhaleesi,190.0
HinataExpert,1794.0
HireBlackPpl,214.0
Hit1erGD,3091.0
Hjul_se,163.0
HlROVVS1,1069.0
Hlanga_O,7111.0
Hnryy2G,123.0
HollowcostLover,5561.0
HolyTrinity_97,207.0
HolyfcT,1783.0
HomeScones,549.0
HoodClarkKent,568.0
HoshiSato1,131.0
Hostile85365674,143.0
HotGirlMo__,29.0
HotMessGoddessx,225.0
HotPocket1214,153.0
Huahsoki,234.0
HumbleSaiyan,132.0
IAM3ALITY,256.0
IAMCYRIUS,204.0
IAMFridayJones,515.0
IAM_HONCHO_SA,218.0
IAmLoMeinNow,12091.0
IAmNormazing,182.0
IBevll,1504.0
IFluoresce_,350.0
IGanaldrippp,116.0
IGot99Reasons,346.0
IH3ARTLEIGH,150.0
IHATEYOUSHEED,119.0
IIconicJonathon,394.0
ISpankKids,144.0
IYQbd,223.0
IainS9,117.0
IamCue2,164.0
IamDrag_On,220.0
IamJamesMatthew,2794.0
IamTheHiddenOne,154.0
Iam_Reborn_,117.0
Iamfomkin,108.0
Iamtmohk,134.0
Iastyrwasweird,351.0
Iazarusinho,203.0
IbnGigachad,143.0
IcyCroissants,149.0
IcyanaK,2268.0
Ida_B_Welps,231.0
Idiris61022430,701.0
IeBased,337.0
Ifollowcelibate,290.0
IgnantToya,101.0
IiIretard,174.0
Iickthegun,1334.0
IiiRik,119.0
Iinkclick,129.0
IkhehlaLeChina,155.0
IllicitScript,105.0
ImStGalaxy,331.0
Im_0n1,241.0
Im_DavidLemon,1801.0
Immortal_Riz,188.0
Imscrrrd,116.0
IncelLudicolo,240.0
Indig0Gamin,248.0
IndigoIsCoolio,4100.0
InjunScalper,264.0
InmortalPsyshot,577.0
InstigadoNet,121.0
Inter_the_ottie,201.0
IntruokYT,656.0
IoIipregger,139.0
Ioiswi,976.0
Iooseraps,1249.0
IoveIovedeluxe,115.0
IranianKween,24339.0
IreneIgora,1509.0
IsThatSemajj,101.0
IshtaJuliana,227.0
Israel__90,718.0
IssackNyenza,444.0
Isuimanim,1076.0
ItsCammyDubs,1370.0
ItsJabrone,246.0
ItsMeFlashE,484.0
ItsPrecious_x,3152.0
ItsTheReal_BizZ,10824.0
Its_Feddy,1694.0
IuckyIeaaf,282.0
IvanCarter9,121.0
J37LIH,417.0
JAEWO__O,400.0
JAHL1EL,572.0
JAYO718,364.0
JAYYBOLT,8647.0
JAZACADEMY,270.0
JB_SpaceJams,106.0
JBvTheWorld,171.0
JCR00540533,160.0
JCTheResistance,983.0
JDub9911,352.0
JHouse57806646,588.0
JJ08061874,313.0
JKapessa,132.0
JLGOurense,145.0
JM_Field5,1036.0
JN24M,928.0
JPurnell97,198.0
JSantanaBack,921.0
JUPITERJAX,110.0
JZPhilosophy,583.0
JZinhous,137.0
J_Tarnell,128.0
Ja_1yn,276.0
JabariBRichard1,800.0
Jacewolf26,1503.0
Jack__prior,133.0
JackiieSmacks,686.0
JaeSambo,254.0
JahExist,379.0
JahMayCan,374.0
Jahnravers,240.0
JaiBrulee,1419.0
Jai_frm_1400,800.0
Jalynnnn10,123.0
JamariNoriega,220.0
JamesGr57891438,334.0
Jamieilish,135.0
Jane59144546,134.0
JangoGod,114.0
Janice95338152,440.0
JarlAgain,728.0
Jauntavious,784.0
JaviGotHoes,150.0
JayFinal,429.0
JayGtTheJuice,158.0
JayMonaeeee,232.0
JayVsQua,2127.0
JayanaCee,139.0
Jayocokaino,267.0
JayyyValentino,129.0
JboLongway,278.0
Jeesa_Jay,112.0
Jelasoul__,245.0
Jemz_szn,384.0
JenniferLinn17,168.0
JeremiahThapelo,134.0
JerseyImperator,150.0
Jesse2widitt,161.0
JessedHagopian,296.0
JetsonTom,252.0
JibbsCutty,146.0
JihadKamau,123.0
JimKnoll2,113.0
JinkiesJerrica,160.0
JiyoonPhnom,144.0
JobbingGroyper,372.0
Jocelin_Sotoo,227.0
Jocelina_pt2,106.0
JochebedSule,115.0
Joe7145333,2432.0
JoeHapa,108.0
JoeMama03846936,727.0
Joe_Cardosi,168.0
JoeyDoomsday,118.0
JoeyKaotyk,204.0
JohanessAloyee,302.0
John62148977,2463.0
JohnEdidiongEdw,223.0
JohnMarstonOF,403.0
JohnOjajuni,148.0
JohnVetsResist1,1521.0
JohnnyPoastpunk,560.0
Jokes__B,160.0
JonesMogadishu,264.0
JonsLongs,51647.0
JordanJen3,186.0
JordanWhymeez,152.0
Jordelli,462.0
Jorshing0,1358.0
JoshWheels360,202.0
JoshuaCostley,138.0
JovHenrii,651.0
Jov_ICE,133.0
JraiBerry,108.0
Jroddoortee,1113.0
JuanM4T,330.0
Jubecha_,158.0
Juhichan,244.0
JuicemanVss,2376.0
Julian55970552,222.0
JuneSummer1,288.0
JuniorGalette93,3891.0
JunxiongMa1978,5583.0
Jupinapapi3,555.0
JupiterCallist2,294.0
JusKallMeKB2,258.0
JustDoTP,219.0
JustHangman_,108.0
JustLetuka,264.0
JustSizwe97,194.0
JustXavierB,114.0
JustinVersion2,130.0
JuuLeeUnn,530.0
JuyeonCatEyes,132.0
Jv5lCaprisun,456.0
Jxcktunny3,122.0
JyronWilliamson,127.0
K8005882300,2410.0
KARABONDLOVU3,306.0
KBthaburner_,3088.0
KILLERKYEOM,160.0
KINGBNJMN,139.0
KINGCMo,971.0
KINGG_KEASE,144.0
KING_B3A,434.0
KIydeshah,1809.0
KLANGS5,128.0
KLovesFemto,126.0
KMarazanye,2127.0
KNeferhetep,2580.0
KODlST,618.0
KPkltc,137.0
KRYPTONiMAILBOX,258.0
KShakur2U,184.0
KUNK_777,522.0
KUNTYWIDOW,828.0
Kablamoo101,577.0
Kadijah22499755,163.0
KaelyrianSteel,241.0
Kaiserk0nIAATE,136.0
KalemaWilliams,278.0
Kalesssssss,182.0
KaliSimien,302.0
KallyKome,1384.0
KamiKanSama,176.0
Kanary998,239.0
KanjiteKnight09,2056.0
KankerMungkay,178.0
KapsylSlukarn,134.0
KareemOnwheat,208.0
Karlyle_Tomms,217.0
KayMosoeunyane,1472.0
KayakSlammmer88,188.0
KayyTRILLA,498.0
Kayyinred,460.0
Kazeryuj1n,266.0
KeTommyg,192.0
Kebabfanboi,380.0
Keionisbored,5115.0
KejeraL,310.0
KemperARINA,150.0
KendrasUsername,311.0
KendrickAlmar_,307.0
Kennock1,250.0
KennyRecords92,132.0
KenyonM71014603,215.0
KevGBKNY,227.0
Kevon_SIMPSS,9.0
Key_Shawnn,148.0
Keya_Maraj,1525.0
Khalifa68765772,184.0
KhayaDaHome,181.0
KidNamedCardo,908.0
Kid_inthe_Crowd,110.0
KiddDozer,865.0
KiinzTheKid,1599.0
KillTheGameJay,592.0
Killa_Crash,158.0
KillmeNasi,129.0
KimCommie,652.0
Kim_Khandashisa,592.0
KingBillius,232.0
KingGamur,118.0
KingNeef,4081.0
KingQ_Tip,123.0
KingSlimeMugga,131.0
King_Adanis99,924.0
King_Curt55,150.0
King_DarkSkin_,3839.0
King_Kasper2,117.0
Kingglokiii,1677.0
KingstonJancro,5051.0
Kion_Kapone,112.0
KipkorirWeb,313.0
Kirbgamin,293.0
KirurgiskMe,131.0
Kisah31,237.0
Kitakartel,834.0
KiwiSuxx,234.0
KlMJ0NGSEOB,488.0
KlM_EZ,317.0
Klausio7,115.0
KlipschRVA,155.0
KnicksRing,101.0
KnightSketch,218.0
KognacPapi,289.0
Kojo_Gunner,178.0
KoketsoResane,1576.0
KoolKidkayy_,144.0
KoolYoungNinja,322.0
KrillinsBitch,142.0
KrissyTheMua,192.0
Krry_zoe,158.0
Kshanbhangur,289.0
KulakAmerican72,113.0
KuponaV,399.0
KwanWho,678.0
KyDollahSignn,120.0
KyeucaM,123.0
Kyla_Lacey,1007.0
KyleGunEmoji,125.0
KyleMclovin4,216.0
KyleWowryy,773.0
Kyra_Ann24,237.0
Kyro4KT,221.0
KyttieVonToyye,219.0
L0RDWHITE,1978.0
L2M,119.0
L3GENDDDDDDDDDD,1188.0
L3GENDTwt,2758.0
LAFLAREWORLD7,141.0
LANKOCEAN,160.0
LAST_Phase,120.0
LATiffani1,7819.0
LCDRCalvin,1196.0
LEViTATEZ1XD,437.0
LGALOSTPA,1701.0
LIKELAMAR,3296.0
LILCOFFEEMUGG,123.0
LILRXCKYY,137.0
LOLFlimp,157.0
LOV3RBABE,148.0
LUVJOYEOM,160.0
LYewwl,292.0
LaFlare1_,200.0
LaRayeTheSun,103.0
LadJejKek,13387.0
LadyInfamous415,2127.0
LadySideshow,821.0
Lady_Crunk,116.0
LakouDud,3675.0
LamineThiaw11,102.0
Laquondanesia,114.0
Larrayy_,368.0
LarryLarsoLarry,160.0
Lasttim53957688,118.0
LatifHussein11,950.0
Laura38297064,144.0
LeanNoctu,218.0
LeePing22,178.0
LegalSojourner,1646.0
Legendary_JT,251.0
LegsJupiter,422.0
LeighsAvenger,380.0
Lele_Mud,750.0
LeonOcta1,140.0
Leon_timbrell,1289.0
LeratoM__,130.0
LeratoalsoJen,248.0
Lesbi_cafe,2643.0
Lesego_Disipi,352.0
Leuba_Ramakadi,163.0
LewKaineMane,626.0
Lexual__,11697.0
LibSmoke,384.0
LickshotLippy,19599.0
LightBr58490710,105.0
Lightzunder12,446.0
LigmaProd,103.0
LikeTheHolidays,106.0
LilloopyK,870.0
Limpho52,409.0
LiptonT3A,135.0
LissaBabez,920.0
Litabo2,174.0
Live4Whites,2542.0
Live5_Klub,1838.0
LivinMileHi,676.0
LodeSmart,210.0
Lokii_San,485.0
Lolnonicetry1,136.0
LongerLocsComin,288.0
LookAtBeyNow,447.0
LordChiefRaka,938.0
LordPinicus,170.0
LordRarted,118.0
Lord_of_Saarl,528.0
LordsDontWorry,883.0
Lorna_TVeditor,1652.0
LostDreamerJ,106.0
Louisefarrakhan,454.0
LowEyesSwizzy,141.0
Lucasforlife2,407.0
LuggyOnDaBlock,106.0
LukeeLoL_,1193.0
Lumillii,524.0
Lungelo_NY,781.0
Lunn87723325,316.0
LuoboyOllo,936.0
Lupus_Rex_08,300.0
LustforLo,120.0
LutherEvers,143.0
LuvChildShawdi,1442.0
LuvlyloxEsq,154.0
Luvngoodnight2,280.0
LuxuryButBlack,122.0
LyleSaidSum,209.0
LyssaFromOF,1737.0
LyteSkkin,240.0
M00BBB,262.0
M0orc,4253.0
M1NHHO,2233.0
M1hlali,582.0
M30Alliance,101.0
M3xoy1,132.0
M4RYTSG,104.0
M79_mexichad,9736.0
MARSYBOYS,1757.0
METACHOLIC,428.0
MFDominator47,910.0
MISSIODEl,705.0
MKakeAngel,622.0
MOGtheUnthinker,138.0
MOSCHlNOHOE,296.0
MRoyer3,1109.0
MTMNuski,320.0
MUTIYACHT,350.0
MUVA_NAY,244.0
MVPGO,260.0
MYSTERIOUX_,270.0
Maal317,135.0
MaanglikBoi,137.0
MabelMo926,4410.0
MacSmiff,768.0
Macallan_King,1914.0
Mack63687488,116.0
Mack_DaddyDanny,223.0
MadeInHawaii___,160.0
MagaMaine,198.0
MaishaRamela,242.0
MakeNoApologeez,408.0
MalcHatesYou,168.0
MalcolmNance,10658.0
MalekAkan,316.0
MammaRomvesenZ,165.0
Mamma__Mia,135.0
MammonsManWhore,164.0
Man1Anarchy,973.0
ManLogic4ya,136.0
MancCalledAdam,465.0
ManiacalMoney,102.0
ManletJejjer,316.0
MarcusCrakk,117.0
Mardigraz718,172.0
Maricumsalot,209.0
Marion49166099,321.0
MarkRuffalo,1854.0
Marquis20430943,459.0
MarquiseDavon,1630.0
MarryYoda,352.0
MarsMarzy,116.0
MarxIsMyNigga,3633.0
Marxicology,17315.0
MasaDiamond_,128.0
Masuke_2x,590.0
Matthew13259496,122.0
MaurMaur82,260.0
Mauria95,120.0
MauriceTowa,130.0
MaxIsTooStrong,843.0
MaxiDonoso7,578.0
MazanNoa,168.0
Mazzkovitch,1937.0
McDonaldsMarisa,520.0
McDonalds_Toy,1175.0
McFuckABitch,1176.0
McMclaughlin16,374.0
McMolddick,4355.0
Mc_Knasty,260.0
Mcdouglas990,413.0
Medici_aj,278.0
Megatherion8,309.0
MehStrongSadMeh,291.0
Mel_kurosaki,160.0
MelaninMagical,393.0
MelaninYork_,145.0
MelroseRadio,237.0
MemeGod47xxx,117.0
Menzem2,362.0
MercDesert,372.0
Merjil7,254.0
MeroWavy,167.0
MerrisUG_,264.0
Merthod,5948.0
MessiahMarcuss,529.0
MessiahxAce,519.0
Meth14Cooker88,10538.0
Metro_Coolin,744.0
Michael34246514,423.0
Michael92158550,291.0
Michael_Sted_,112.0
MicheldeDeus1,200.0
MichelleHux,3839.0
Mick_Mulh,132.0
Mictlan99982410,242.0
MidwestZoomer,284.0
MightBeDayo,306.0
Migosamzb,132.0
MikeLavi_,261.0
Mikhailopez,305.0
Miku_Songs72,196.0
MilaanAmor,195.0
Milan83597227,272.0
MildlyAutistic,1371.0
MilenaRPM,698.0
MilitarisCath,324.0
MilkMuva,141.0
MilquetoastKW,174.0
MimiAbraham4,1077.0
MimiChapel,298.0
MimikyuHatesJew,1662.0
MinangGermanic,230.0
Miogang__,539.0
Mir4Prez,599.0
MirMAKOfficial,330.0
MiriaLover,265.0
MischelleMkoro1,162.0
MissB20_10,532.0
MissLamola1,720.0
MissMyzell,227.0
MissQueenieJ,167.0
Mister_Godzilla,301.0
MitchellDdibia,117.0
MixchelleKayy,141.0
MizTeeFranklin,40129.0
MizukageJevz,264.0
MlLFCAREY,694.0
MlNGXIA0,163.0
Mmadifresh,286.0
MoSanks,382.0
MoilCoOffices,2016.0
MoistKinda,105.0
MojoDisco,3082.0
Mokheth90071772,832.0
Mommi_joint,390.0
MoneyBaggAyo_,429.0
MoneyMakinnMecc,124.0
MonicaLPonder,479.0
MonprimTerror,2361.0
Moon_Clinic,118.0
MooseManRado,2949.0
MoreP5Rhentai_,130.0
MorninTop,138.0
Mosgully,467.0
MosquitoMeat,132.0
Motiv88r,192.0
MotlatsiMo3a,2184.0
Motloung92,154.0
Mr99Music,126.0
MrAustin_1,118.0
MrCharlieWalks,167.0
MrElliot1210,429.0
MrJacobMahlangu,157.0
MrLiberated012,144.0
MrMalii,556.0
MrMittelMensch,1188.0
MrOhYes,1867.0
MrRedMartian,234.0
MrUsinslurs,226.0
Mr___VILANE_S,1236.0
MrsHendrix95,6088.0
MsMeBaby_98,171.0
MsNemah,231.0
Msspicyeilish,384.0
MstrMstrAvi,212.0
MugabeFan,1131.0
MummyDaddy15,167.0
Munaman_U,1241.0
Murakxmii,108.0
Murambwi_,204.0
MuriloGomesK,235.0
Musamonogatari,144.0
Musonda_R_Tembo,1189.0
Mwansa__,739.0
My4everAngel,232.0
MyTeigh,207.0
MyraKingz,3101.0
N3moHoez,131.0
NATO_JENKINS,106.0
NECEYNECEE,139.0
NEED2SECEDE,5325.0
NEEDTOHOE,399.0
NGChez,137.0
NICKIIMPRINT,531.0
NNovacane,126.0
NRC_Nij,148.0
NS_Elaphos,548.0
NVK3T3LLY,104.0
NVxPRESS,121.0
NWordExperiment,7942.0
NXGGERSFORTUNE,1883.0
N_FROMTHE9,481.0
NaSoDey,187.0
Na_00_mie,196.0
NahFam__,1270.0
NahelBond,112.0
NaiyaLove,287.0
NakuraE,560.0
Naledi_R,110.0
Namusnature,486.0
NanaKwame_samur,1408.0
NanichangK,144.0
NaoBinary,1050.0
NaptimeJones,493.0
Nasir_Mathers,199.0
NathanBlack7477,323.0
NayeKaizen,353.0
Nazarene_777,336.0
Ndukongbertrand,517.0
Neck_Nigger,163.0
NeddyBly,198.0
NeedlesEnjoyer,174.0
Neehow8,138.0
NegroNihilist,200.0
Negrofreeman777,186.0
NehNeh92575128,198.0
NembuIa,368.0
NeoDonatello,118.0
NeoMarxistBarb,147.0
NewBlackLook_,321.0
Newbzwtf,390.0
NewmanKizar,450.0
NewmanSerran0,2186.0
Ngamahle,117.0
NgiwuSomatekisi,694.0
NgosaMboroma,164.0
NgubaneClaire,155.0
Nhlanhla_Bassie,142.0
Nick7436353816,402.0
NickEnaigbe,2705.0
NicknameHenny,150.0
Nicky_much,108.0
NicolaWoodMusic,158.0
NiggTake,157.0
Nigga68440267,202.0
NiggaferLopez,590.0
NiggasSaid,131.0
NiggasakiOnara,109.0
Niggballl,120.0
NiggerDickVenti,689.0
NiggerZoomer,24542.0
Nigger_34,101.0
Nigger_Man123,668.0
Nigger_Zoomer,4003.0
NightNurseClinc,21.0
NigletPoor,112.0
NikeAirAaron,402.0
Niko_Mafuaka,17294.0
Nikolai74851331,246.0
Nilssonbit,587.0
Nissi_29,359.0
NitegistB,129.0
Nix_Capitalism,152.0
Nizzzit,268.0
Nkosi_Dlungwane,202.0
Nkuli_Nkebs,333.0
NkunzEmnyama7,2336.0
NlGGERSlNPARlS,201.0
NoBrainKenny,1458.0
NoEthos,128.0
NoLife985,407.0
NoTHATHollywood,142.0
NoU_J358,116.0
No_Slouching,4529.0
Nobsdaslushhkid,180.0
Nochebtw,1209.0
NordicBeerGut,224.0
NortheyAFS,236.0
NoseWrecky,284.0
NotPolPot,330.0
NothingUserb,1429.0
Notshriiimp,384.0
NowHoldOnNow,243.0
NoyanLuxary,4501.0
Ntloo_Lebitsa,404.0
Nulk11,203.0
OB__T2,203.0
OFFDASHlTS,428.0
OGJohnTee,864.0
OGSalman,531.0
OJTheKing_,386.0
OKommando,11568.0
OMatheson,366.0
ObaDosunmu,186.0
ObeahVee,141.0
ObinnaIbeawuch2,120.0
OddoFredy,219.0
OdeezyFbaby,551.0
OdiumPallium,555.0
OfficiaHeshCode,478.0
Officialstann1,264.0
OgLakyn,999.0
OgRockLee,119.0
OhNoMarlon,320.0
Oh__itsJayb,103.0
OhhSugarYouKnow,128.0
Ohhhdejah,210.0
OkezieToochukwu,1300.0
OlDirtyBrandon,209.0
Ole_richie_rich,441.0
Olwe2Lesh,421.0
OmegaJay3,777.0
Omotadefineboi,285.0
OnIlyFans,14.0
On_DatLoud,170.0
Onitaset,274.0
Orange_Artz,165.0
Orbitvdz,478.0
Orbzz7,128.0
OreoTheJCB,672.0
Ori__An,736.0
OrkoSigma,367.0
Oteng_Lamola,213.0
OverViewGGs,221.0
OverseerTPNE,101.0
Oviefredsimon,119.0
OwlsAsylum,1343.0
Oyasumi_Hermes,492.0
Ozbrah5050,34888.0
P1gmented,357.0
PAN__BOI,456.0
PARKLUVRZ,261.0
PASneeded,124.0
PBU_Menaquinone,190.0
PEACECURLSS,282.0
PEL0P0NNESIAN,308.0
PHIVEXSTAR,655.0
PHUMl_,424.0
PICchaMane,1656.0
PKholokwe,326.0
PL1C1B,128.0
POLOBANNISTER,210.0
POLONGOGH,7176.0
POsoby,313.0
PR1DEFULS1NS,133.0
PRINCESSGENES1S,1520.0
PUSHKIL0S,429.0
PWAM_HUSBAND,381.0
P_ee_po,2442.0
Pandabbadon,128.0
Panzkreuf,213.0
PapaPhiri,116.0
PapiGtatransa,1866.0
ParadiseCo_,136.0
Paradoxisdumb,407.0
Parrisssss_,3083.0
Patricks_Lab,150.0
PatriotFren,909.0
Pavr1x,130.0
Payasa1,316.0
Pearlbaka,405.0
Pebkac124,183.0
PepeLeFewHoes,232.0
PepeTuxedo,738.0
Pepocrates1,128.0
PetersWonderboy,142.0
Petersb90139129,108.0
PezzerK,144.0
PhattiLabelle,5558.0
PheCantRap,43289.0
PhiIiaaAlt,380.0
Philiaa88,5932.0
PhucksL,462.0
PiccadillyCrown,332.0
PietPunished,144.0
Pinkmashh,237.0
PinkyEnjoyer,237.0
Piso_Creo,148.0
PissedCitizens1,117.0
PissedOnMyBalls,809.0
Pizzafanboi,441.0
Pj_Wlkr,547.0
PkPhillipa,895.0
PlastuszPervolu,2333.0
PlatformMisses,159.0
PlayboyBPAC,150.0
PlayboyPreem,316.0
Pleasant_Monk,3856.0
Poblonotpablo,171.0
PolarbearNL,162.0
Polile7,720.0
PolishTaliban,1345.0
Polo_Palomino_,952.0
PolpotCunny88,367.0
PolyticalAnimal,469.0
Poohpooda,213.0
PossePrince,217.0
PowerInMisery,296.0
PowerrPack,118.0
PridedWaif6853,201.0
PrimalAfrican,288.0
PrinceInTheMix,691.0
PrinceNard_,128.0
PrincessTyeee,167.0
PrincessaLinaa,265.0
PrinceyPls,133.0
PringleBit,216.0
PrivateGordon_,215.0
ProLifeLeoMain,308.0
ProperlyZuri,3278.0
ProtransLobby,108.0
Proudlytricolor,350.0
Pt2David,669.0
Puch300GD,1780.0
PuddlesFuck,129.0
PunishedBLAXX,454.0
PunishedForest,2996.0
PunishedmrC,20548.0
PurestInNoSense,1874.0
PutFamFirst,118.0
QcAstar,345.0
Qen_nedi,295.0
Qocaine_,106.0
Quaker_1488,2812.0
QuanMinajBanks,1254.0
QuantrellMortis,147.0
QudusKamaldeen,628.0
QueeningTvylor,441.0
Quransaurus_rex,260.0
Qween_mLalo,127.0
QwentCFC,235.0
R0UGHWORLD,114.0
R111N444,329.0
R1Epix,1142.0
RACKZZ206,881.0
RAMS_NSFW,879.0
RCReed40,622.0
REDBON3SK,133.0
RFW_wuhu,1475.0
RLchacali06,340.0
RMMAURIDI,115.0
ROADMANRONA,697.0
RWDSU,140.0
RZBrah,260.0
RaceMixingCEO,120.0
RacroesR,1399.0
RadioBelcha,3293.0
Rae_Von,130.0
Raeahnna,7652.0
Raekkuno2,210.0
RahmanAMuhamm12,1174.0
RalphRue1,119.0
Rambor6_,269.0
RandyDandy76,156.0
RapskillzMcCoy,119.0
Raptor47723495,321.0
Rara_P1209,466.0
RareBiko,102.0
Rarisship,206.0
RasBenjiMassop1,209.0
Ras_Mech,192.0
Rasheeeeeed_,1519.0
Rather_46ixer,139.0
RayG4L_,135.0
RayshaunABSTR,227.0
Razhen6,936.0
ReadMyChart,637.0
ReadySetSentry,419.0
RealMrPopo,287.0
RealNightNation,210.0
RealOTSsquad,1307.0
RealPorina,798.0
RealVagrantDude,116.0
RealZambie,180.0
Real_SolarYT,142.0
Realday2k,186.0
RebekahTaylor08,339.0
Recklsss_,126.0
Red_fairyslut,3484.0
RedumetseM,103.0
Reesemo90,688.0
Refilwe41646496,3306.0
Reincelot,532.0
RemyNoMartin_,295.0
ReshiBackup,160.0
ResvrrectedHugz,286.0
ReticulatedS,845.0
ReuelWilliams3,1187.0
RevelryMaster,604.0
ReviDice,828.0
ReyReyTheGr8,458.0
Rhegs1_,236.0
RichardGrenell,204.0
RichardLMarti16,174.0
RicinAnastasia,131.0
RickeyRedShirt,312.0
RickiRoma,316.0
RickyBarksdale,537.0
RicoCox6,321.0
RikerAlly,1007.0
RikkoRyuzoji,337.0
RimadSnommis,1620.0
RiqoRose,136.0
RisingSun_News,129.0
Rm50709692,403.0
RobTheHonkey,282.0
RobertJohnsonL,2106.0
Robertp14037431,131.0
Robineger7,1650.0
Robyn21636221,1153.0
RochSaid,128.0
Rockshock157,169.0
RockwlKaczynski,1771.0
RodneyTori,208.0
Rodrigo88192003,310.0
RomanvmLarper,683.0
RonDNiggerBot,28319.0
RonDaaaadon,610.0
RonZ7k,153.0
Ronald_Okelo,108.0
RoofKorean1488,967.0
RoolaThumb,119.0
RopeAppreciator,303.0
Rplcedbtw,152.0
Russmufc26,129.0
RyusokenY,386.0
S0FTWIND,837.0
S0KAVERSE,262.0
S41L0RMO0N,119.0
SAKI_______fjsk,346.0
SATANIA4EVER,538.0
SDargz,270.0
SEVANAEO,354.0
SGoinup,300.0
SHEENxGUNxNURSE,842.0
SHYSUMMER404,523.0
SKECH185,192.0
SLTMpod,5551.0
SLUT4WIFI,1014.0
SLUTTYF0RWIFI,186.0
SLjay9,111.0
SNTGIO,1467.0
SN_Cgnition,132.0
SOURisa10,437.0
SRTRC_England,209.0
SRT_FIJI,2021.0
SShijom,101.0
SSigalishus,244.0
SSilver1813,126.0
SSwaggerjoe2,138.0
STARRYWANDERER_,152.0
STIMpai,252.0
STUM4CHER,254.0
STY7EZ,260.0
SUCKAFREEGRAMZZ,135.0
SWlNGLERZ,234.0
SaUwUerak,1003.0
SadBoyRel,318.0
SadgeMurilloFCB,1362.0
SafiyaNation,285.0
SageTolu_9,393.0
Sahara88921,440.0
SaintPalmSSNN,178.0
SaintsCrossing,410.0
SajjadWaried,840.0
Sakima_Tetsu,625.0
Sakoops1,116.0
Salena__Salena,125.0
SamChris__,384.0
SamOutcheaByke,118.0
Samkelo_85,507.0
SanchiniDavid,164.0
Sandrriizzle9,167.0
Sandyamour14,129.0
SanjiDandelion,168.0
Sans1367,1066.0
SarahBCalif,282.0
Saskia_Cole,237.0
SaxonBeerGut,103.0
Saxonholic,4331.0
SaxonofColumbia,128.0
SayHeyToMyWilly,176.0
Sazi_Gcabashe1,1085.0
Scf65Forbes,386.0
ScottTBrower1,153.0
ScreamJustin_,148.0
ScribSSBU,1368.0
ScribalElder,474.0
Seabelo_Lekoko,165.0
SeanBreezeMMA,556.0
SeaofGee1,114.0
SebastianStevex,273.0
SecretBruce1939,166.0
Seeare_T,157.0
SeiEhrlichBroJP,181.0
Senamile_02,112.0
SenseiDev_,138.0
Serero_DK,156.0
SergoVita,178.0
SexDAnnunzio,2824.0
SexIsForwho1,379.0
SexyYoro,358.0
SgtD_isBack,145.0
Shabri15,114.0
ShapumbaSt19,230.0
Shawnuuuh,452.0
She1laSm1th,146.0
SheIsKO,128.0
ShelettaIsFunny,691.0
ShhKrexii,102.0
Shikonekeni_,15265.0
Shimyzer_TT,340.0
ShitskinHater,906.0
ShivajiShivaLaw,986.0
ShogunBrando,698.0
ShogunInternetu,1136.0
ShrodingersFart,10805.0
ShutUpJayln,146.0
SigmaLifter,242.0
SiiiRJBS,3789.0
Simon_Pela,273.0
SimplyFocused11,259.0
Simply_Herc32,126.0
SinfuIForYou,1225.0
SingathaT,136.0
Siphe_kh,2037.0
SirZvc,2625.0
Sir_Diagne,148.0
Sirforde_Vol2,13260.0
SiriusBReturns,897.0
Sirswangiscool,102.0
SittinKourtSde,105.0
SkHeisman,625.0
Skinny_Black009,114.0
SkipRayciss,319.0
SkittlezSmacker,207.0
Skyazii,192.0
SkylarIsntFunny,656.0
Slayerpon_,185.0
SlimToto1,940.0
Slim_BHG,331.0
Slimed1n,1653.0
SlitSpreader88,322.0
SlumBoySino,736.0
Sly_kaMenzi,276.0
Sm0lBratzz,125.0
SmhBreh,15608.0
SmilingSavoyard,205.0
SmiteWtf,1924.0
SmolDame,476.0
SmuggiestYeen,138.0
Smurts_Django,508.0
SmvrtHottie,383.0
SnapMyBack,104.0
SneedConvict,287.0
Snfn_,144.0
SnoopNotNice,307.0
SnoozyPNDRGRASS,411.0
SnowFlame14,555.0
SnowbunnyCandi,315.0
SnowbunnyElsa,566.0
SoCalledShana,224.0
So_Fiyah_,603.0
Soapkz1,2921.0
SoelbergGrace,52511.0
SolTheeStallion,348.0
SoleilRayonnant,688.0
SolielTyra,260.0
Solonigger,151.0
Somagwaza_,356.0
SomethingtoCi,125.0
SonOfGhana_,354.0
SorayaAnnaja,208.0
SosaNatebz,657.0
Sosa_Gunna,107.0
SoupGlowing,279.0
Soze_Blanco,3126.0
Spacegoddave,165.0
Speed__Weed__,609.0
Sphaaa9293,284.0
SpiffyGlobal,571.0
SpiritLegionary,764.0
SpiritOfEnnui,144.0
SpitchNzawumbi,2916.0
Spiteinshad0w42,10133.0
SplatGarbagePos,319.0
Spreadthemessag,398.0
SrIvan50970286,101.0
Staccato_Lo,250.0
Stacianaaaaa,2307.0
StalinDelChaco,509.0
Staliniarz,550.0
StalkedByJack,133.0
StanLoonaHH,405.0
Stane80600202,123.0
Star_BLM,131.0
StarmanBoomer,738.0
StarmanSweg,445.0
Starr_Rocque,2777.0
StdAmerican_,897.0
StefanEtienne,276.0
StephBeautiful,196.0
StingingRoger69,160.0
StoneColdIncel,151.0
Stoneclaw316_,887.0
StonedColdAyo,325.0
StormRouge,136.0
StrawHatMar,3664.0
StrawhatYoshi,4772.0
Streakzdunit,1042.0
Stressed_P0tato,7745.0
StyledbyRufaro,204.0
SueRobb4,103.0
SuedeEH_,270.0
Suedeonda1nside,141.0
Sulaiman_cule,188.0
Sull2L,110.0
SunniSpeaksHer,589.0
SuperiorPeters,542.0
SussyGuap,264.0
Sveedqt,132.0
SwagKingCold__,156.0
SwankTheKing,467.0
SwayzeMusicRd,327.0
SwishMahoney34,117.0
SyTheLocDon,232.0
SymbolicOfPeace,621.0
Synbraa,791.0
Syntraxiya,385.0
SznFine,1414.0
TA3F4IRY,1634.0
TCaatah,206.0
TDDoesIt,101.0
TDF_Defiance,215.0
TDemero,122.0
TDuncan937,2967.0
TGodmama,317.0
THEKNOWNSPIRIT_,282.0
THNHNOE,167.0
THOUGHTSOFKAM,238.0
THRASHERBRAT,350.0
TLEbtwaGFY,6243.0
TLiebitz,118.0
TORIVNNE,263.0
TPotholes,152.0
TREVOR34807902,185.0
TW58202291,480.0
TXWomenRESIST,203.0
T_bo_757,188.0
Ta1R3,329.0
TacoTy_,139.0
Tadado_,8189.0
Tae2Fake,297.0
TaeN80698607,182.0
Takao_110_pad,129.0
TakeHeed2021,105.0
Takehaya_99,200.0
Tamie_Wilson_,1178.0
TardWranglin,1598.0
Taremwa_,8877.0
Tarey_A,236.0
TateKwatapo,3307.0
Tay_L0R01,294.0
Tay_uhlex,105.0
TayeWhite,160.0
TaylorJames04,156.0
TaylorMcFayden,690.0
Taz_MNL,2575.0
TdashGlaze,1299.0
TeamGood5,120.0
TedKgaming,196.0
Teegirs,105.0
Teflandre1,334.0
TeiaOKOK,231.0
TeniMuse,103.0
TenmeiQtaro,108.0
Terrince6,117.0
TerristheKing,390.0
TerryCasanov,161.0
TerryTruth1,132.0
TewChaynz,322.0
Tewt_,183.0
Text_72P,154.0
Tgreezee,286.0
Th4ilenol,189.0
ThabiQNTS,459.0
ThadMonky,495.0
That1bitxh,187.0
ThatGuyFelder,121.0
ThatNigger85,1199.0
ThatStaticNigga,1069.0
ThatoBomba,221.0
The2Beez,217.0
TheAdvoc8te,132.0
TheAnfieldTalk,118.0
TheBlackCyde,598.0
TheBlackDub1,425.0
TheBlackNerd,6563.0
TheBoyWhoWrote,906.0
TheBurningSouls,145.0
TheCassieGalore,402.0
TheDabsEffect,118.0
TheDemCoalition,1281.0
TheDubblife,183.0
TheFanyfanxy,1261.0
TheFreedomOfMan,1007.0
TheGOTVProject,283.0
TheGameIsAfO0t,240.0
TheGodmuva,1155.0
TheGreatSlurmz,223.0
TheGuyZy,488.0
TheHeartPt5,1249.0
TheJermaineG,310.0
TheKangReturns,1613.0
TheNoirEnigma,34450.0
TheNumismaniac,456.0
ThePack_OS,176.0
TheQueenTee_,945.0
TheRacist__,348.0
TheRealGav651,119.0
TheRealShnibber,181.0
TheRight1_,117.0
TheRoyalTony,334.0
TheShutupsexual,122.0
The_Economiss,160.0
The_Greenhead,151.0
The_Naked_Pops,109.0
The_Njoko,332.0
The_PurpleImp,760.0
The_Real_Vilo,111.0
Thee4EyedKing,101.0
TheeMONOlith,1323.0
ThegirlMooT,157.0
TheoFerragamo,135.0
ThirtySixMonk,213.0
ThomasWeymann,260.0
ThotsofX,185.0
ThreeSonorans,128.0
Thrilliyah,22581.0
ThugaManLaForge,601.0
ThulaniKhawuta3,167.0
ThvleGroyper,461.0
TiaLTaylor1,119.0
TiaThePresident,217.0
Tiaboring,1504.0
TiannaManon,168.0
TigerTendencies,138.0
TimCap2,121.0
TimipreB,511.0
Tinoo_m,615.0
Tiny_Tae,479.0
Tobi_The3rd,400.0
Toby33863266,1202.0
Toetoebow,180.0
TokyoManjiFag,343.0
TombRaiderOF,159.0
TomboyKatarina,297.0
TommySachs,396.0
TommyXLauren,335.0
TomyyO_,849.0
TonyAlexJones,206.0
TonyNakamuraa,720.0
TorixZayn,113.0
TorontoLtd,128.0
ToshinSwerve,246.0
ToxicDadon,177.0
Tra3stacks,211.0
TrapGodSaline,3507.0
Traphouseracing,930.0
TrappJesus,118.0
Trayland_,3681.0
TreMission,10593.0
Treinfinite,185.0
TreyG98,224.0
TribalArmy,1082.0
Tripping_Crutch,1476.0
TrollFaceDaddy,5357.0
TropicalSlav,5501.0
Truly_A_Prince,801.0
TrunkzBurner,620.0
TshepiJoseph21,1465.0
TsotsiWaJapan,782.0
Tuggerrs,104.0
Tumelo89464559,1512.0
TunicDubious,179.0
TvPasp,615.0
Tvd_92,252.0
TwatDonkey,907.0
TweetsFromEric_,729.0
TwelveBricks,623.0
TwerksDone,215.0
Txmxxr,324.0
TxrryFxnk,148.0
Tyecolt,162.0
Tyff4U2,127.0
Tyietro,738.0
TylerWadeRBW,286.0
UAintShitEither,245.0
UR_405,3644.0
U_Morikwe,135.0
UcheBanned,136.0
UltimateLol_,1311.0
Umanga_beast,207.0
UmorenJedi,892.0
UnTalMag,235.0
UncleP87,152.0
UntimelyGore,1014.0
UrBoringAsFUCK,85002.0
Urchmaniac,125.0
V2Ebe,135.0
VIBEWITHZION,2572.0
VN_Geezy,376.0
VVSGinseng,642.0
Val77eriHoe,1014.0
ValWaffen,164.0
ValarMorDollars,529.0
VamatiTuli,1010.0
VarfeeSiryon1,1028.0
Vaughnclaudex,660.0
VdaBigG,2293.0
VecifySzn,286.0
Vedant84012,227.0
VeeCeeMurphy76,222.0
VeeJay_SG,557.0
VenomTrump,1219.0
VeritasiR,238.0
VeryNewCommish,2593.0
VickyLynnLovey,1058.0
ViktorTsoiOF,10040.0
VirginianFrog,971.0
VirgoJ24,314.0
Vizaveez,413.0
Vladsta2,156.0
VolkishB,1584.0
Vouigeldy,124.0
VrilMaistre,1604.0
VrilToPower,272.0
WEBDuRag,195.0
WSalmond,152.0
WSarvis43,112.0
WadesDeadAgain,231.0
WallOfMoms,230.0
WalterKA9,117.0
Warsame_187,159.0
Watspappin,680.0
WavesRaS,206.0
WayneChambersJr,913.0
WeH8WhiteWomen,292.0
WeNotChuck,301.0
Wearhatsindoors,115.0
WebSummit,114.0
Webb81K,626.0
WednesdayScales,300.0
WendelDoSwindle,233.0
WendyOsefo,873.0
WestEendian,306.0
WhiteMonster52,2477.0
WhiteMonster79,614.0
WhitepilledFeet,1169.0
WhoIsAbel,121.0
WhoIsDezja,536.0
Whu_tao,237.0
Why_am_I_Kihara,119.0
WillisRease,3769.0
Wingitwynn,106.0
WockySlushgang,227.0
WolfishLegend12,138.0
Worth1000Nerds,394.0
Wren23518597,396.0
Wumbo_Mop,929.0
XIAODOAH,291.0
XlANGLlNGS,146.0
XpreetGOD,115.0
XxGodIsBlackXx,244.0
Xxsupadave,408.0
Y0FAVGRANNY,5012.0
YK54607754,136.0
YNB,2999.0
YOOLUKK,719.0
YRNCSB,166.0
YUNGSPERMC3LL,494.0
YUNGcoke,1244.0
YaHaffi,3157.0
Yahya_J7,982.0
Yaya_la_Yaya,161.0
Yayons_,146.0
YazziKrystelle,396.0
YeOld360s,117.0
Yendyy3,204.0
YepiTsMeJack,252.0
Yglue2,314.0
Ymhonnwr,171.0
Yo31164427,292.0
YoDxed,1344.0
YoEJayy,1244.0
YonoSaboson,120.0
YooooNikki,330.0
Youadub,170.0
YoungFlyRu,204.0
YoungGuru_2,194.0
YourFavoriteZoe,368.0
YoureANigger_,5858.0
Yung_fendi,325.0
Yunnggin,126.0
YunosBestie,1713.0
YvngSvicidxl_,114.0
ZBankEnt,196.0
ZOYAlSM,307.0
ZacActor,325.0
Zaiko29304276,495.0
Zakhele_mthabel,957.0
ZammMjswife,421.0
Zamoney031,740.0
ZayalaAshira,1522.0
Zaytove_Guapo,286.0
ZeitGaming1,122.0
ZeroD43776601,131.0
ZeroGoGoPro,343.0
Zeus00233891,779.0
Zeusinho1994,189.0
ZeyusBestie,335.0
ZionSZN3,559.0
Zion_SD,948.0
Znjeeahamdgmai2,234.0
Zoe28176617,1460.0
ZonelaMkhumbeni,2531.0
ZoomerPolish,1151.0
ZoomerTrad,187.0
Zpatchh,121.0
Zs1axpz,288.0
ZukoMntonintshi,1173.0
Zvbear,848.0
Zymo_,140.0
_07226,119.0
_0v3rra3d_,458.0
_17Eman,272.0
_AfricanSoul,335.0
_AmanaG,122.0
_Azure_moon,126.0
_Barnnito,217.0
_BigGuru,358.0
_Boaby_,1680.0
_BossStackz,257.0
_BrianaJay,118.0
_Carryone,2043.0
_ENasty,213.0
_EllisQ,137.0
_Faixal,120.0
_Gdash,2345.0
_HeatSZN_,321.0
_JESSrelax,116.0
_Jojosodope,488.0
_JustJass_,128.0
_KINGMORNEE,135.0
_KingPom,219.0
_Kruddz,6452.0
_Kwick,116.0
_LilBrisket,128.0
_MIRAcleland,121.0
_MJayee_,174.0
_Makaleigh,370.0
_MasterAyo,334.0
_MrPresident22,138.0
_Naryas,629.0
_Ocile,485.0
_OptimistPrime_,6612.0
_PaulDears,383.0
_Peezeeb,160.0
_PimpinAintDead,223.0
_QUEENTUT_,233.0
_ROBintheHOOD,496.0
_Reagannn,220.0
_Rehquiem,164.0
_RickSmoove,996.0
_RocBottom,708.0
_RodVanDam,135.0
_RogerDat,138.0
_SDOT973_,241.0
_SMYRK_,229.0
_Scorpionnn,207.0
_Snipe_Hunter_,294.0
_Somebodyson,2077.0
_StephanieClay,103.0
_StretchTheKidd,778.0
_SydniePaige,184.0
_UncleRufus_,304.0
_UrSoREPLACED,640.0
_Yung_prophet,192.0
__Booda,1486.0
__DaveyBaby,179.0
__Dynamite____,1522.0
__PrincessMo,110.0
__SuitYou,972.0
__Taatsu__,131.0
__Toniiiii,1323.0
___hughjanus,40.0
___medusaaa,149.0
___teraa97,144.0
__assssh,171.0
__classyladyy,151.0
__cordazzle,124.0
__hiwi,162.0
__kxrupt,164.0
__llb__,705.0
__madnorth,111.0
__reeces,347.0
__simplyTIANA,105.0
__spencer_____,193.0
__vagan,182.0
_angelndlela,5107.0
_armstrong__,135.0
_barfsimpson,319.0
_blackmango_,437.0
_blackpauladean,111.0
_bluntfashion,350.0
_bucktooth_,251.0
_bwatrix,124.0
_dangit___,450.0
_daniellemakeup,1859.0
_dejahhhhhhh,432.0
_dejamonet,111.0
_dharris15,167.0
_drippinkisses_,132.0
_eastsideslim,108.0
_edwinnnnnn,125.0
_flower_chil_,311.0
_foxyyy__,1934.0
_guapular,196.0
_haleymaia,124.0
_hannur,296.0
_jera,1276.0
_jupiterborn,313.0
_justbethani_,2685.0
_kalikinesis,2103.0
_kayreina,163.0
_kdotw,652.0
_keeyvh,118.0
_killacass,325.0
_krhdh,400.0
_larensis,901.0
_leslieuwu,3320.0
_mayarianaa,198.0
_micawave,167.0
_minitmade,457.0
_moufofdasouf,325.0
_nebhis_,2210.0
_nubiangoddess,481.0
_obiewon,135.0
_omarbruh_,279.0
_p0eia,320.0
_passthecrush,144.0
_pinkandshit_,157.0
_project_k,3518.0
_shawtyriri,7346.0
_shayclemons,260.0
_steezgawd,1414.0
_symsym,118.0
_thecalm1,377.0
_thegoodonesgo,137.0
_tigger_nigger_,223.0
_versaceplug,209.0
_vitaminn_t_,558.0
_willardethan,259.0
_worthycrown,153.0
_xander254,184.0
_zensei,250.0
aIlnite,188.0
aItevo,524.0
a__ngels,140.0
a_ma_ka,129.0
a_maaarri,170.0
aaloo102,118.0
aantonbae,1110.0
aaronwall,178.0
abbieasr,134.0
abel_steinberg,301.0
abickenhead,125.0
abonambugre_,335.0
aburnerofmine,194.0
abusingherpower,142.0
abzz_zino,172.0
acarelessvirgin,135.0
accessforbidden,1582.0
accountabilll,529.0
ace__a5,120.0
aceb88gie,179.0
actuallyamo_,105.0
acvlly1,284.0
adagiearcstan,464.0
addictedtolex,162.0
adnaadamx,134.0
adoniyeh2,663.0
adugenettt,499.0
aerismoons,130.0
aestheticshxdo1,447.0
aforanna_,219.0
afuckinsicko,579.0
agenttofgod,1805.0
ageofgoon,1391.0
agntsharon,589.0
ahbean5,225.0
aidynq,127.0
aintthatpapi,345.0
air_tez,2954.0
akagiSAYONARA,199.0
akho_mnandi,231.0
akidnamedsquid,149.0
alcepulcro1,473.0
aleeb88,1016.0
alenku214,332.0
alesiavsworld,4007.0
alexx_kat,148.0
alhusainisara,1209.0
alicia_NOkeys,114.0
alicia_kay16,111.0
alijah_haddox,130.0
allaboutshade_,678.0
allergictosword,266.0
allthepape,382.0
alluringblkboy,460.0
almighteeee_,622.0
almightychai,126.0
altrightcath,219.0
alvespmntl,240.0
alwaysSFTC,186.0
alxishlly,654.0
amahra_,4785.0
ameowla,135.0
aminaaiko,1726.0
aminah4real,734.0
amirassbf,1037.0
amrit_arr,314.0
amya12234,140.0
anaiis_art,259.0
andraydomise,5529.0
andrettiguevara,196.0
andy_treadwell,528.0
angelheart2015,1836.0
anichols_17,121.0
anika_myra,141.0
anime___titties,475.0
annathegem,348.0
annieclarkdyke,287.0
antsinmycoffee,473.0
apolloniyel,146.0
apollothebard,1468.0
aprettyPR,590.0
aqua_mimi2,118.0
aquahau,1215.0
aquariuslite,1105.0
araba_xxx,294.0
arealii7,426.0
argosinclair1,878.0
ari_heavyonari,236.0
arijasher,152.0
arioIa_,1228.0
armanwalker,461.0
articul8madness,1374.0
asanariii,357.0
asdfgayy,1410.0
asg_xander12,382.0
ashanticreates,363.0
asje__,292.0
askashleyp,261.0
aspookyrose,182.0
astoldbyharmony,6933.0
atcrl_,551.0
atmbiz7,125.0
atorixy_rbx,150.0
attaboy_photo,131.0
aubri_bridoee,129.0
audipostedthis,160.0
auspicioussauce,197.0
austintmashele,4147.0
avehhx3,349.0
aweletmesee,167.0
awgejoseph,62.0
axdul_x,770.0
axes1401,103.0
ayodiora,128.0
ayukotf2,167.0
b1gfl00d,1148.0
b1jms,324.0
b4ipissmeself,188.0
b9_145,84.0
bIackprincessa,1113.0
bIazed,132.0
baIIsinmymouth,224.0
bablakeh,158.0
babyblueyayo,1488.0
babypink410,237.0
backsucc426,284.0
bactrino,340.0
bad_colonial,314.0
badbeez__,3465.0
badsegone1400,148.0
badtins2ya,132.0
baeimcolde,54.0
bahat46744560,102.0
baker_jacek,529.0
bakukamosuyasuy,106.0
bankrollSan,922.0
bantuvilivs,115.0
barakyamlaha12,306.0
barbiesclutch,1283.0
barbiesdawn,729.0
barcaiiiiiii79,480.0
bardigangbxtch,5641.0
barrlean,143.0
bartierbey,1352.0
basedguitar,39182.0
basedkremlin,258.0
basedraper,1658.0
basedtrucker,11114.0
bashesdash,285.0
basicallyrere,173.0
basicallytae_,496.0
basilsaflex,135.0
bausmodetime,245.0
bbavo_bennett,157.0
bbychakra,571.0
bbypooch,115.0
bbyrosiex,571.0
bbyyeuyu,113.0
bcoykend,126.0
beans4blood,893.0
beantownkid123,446.0
beastmvde,664.0
beatplusmelodyy,150.0
beazbby,135.0
beetheebeauty,130.0
beezohndrxx,203.0
belikeMimi,211.0
benpenttv,64.0
bensemchee,123.0
beyonceswigs,428.0
beysleigh,546.0
bfg6718,126.0
bigLea_,130.0
bigboy1der,158.0
bigboyteddyyy,485.0
biggie__shortyy,120.0
bigidiotmoron,1149.0
bigmeesch_,357.0
bigpeachenergy,169.0
bilbobaggz2,4811.0
billaallocalsv4,159.0
billetskillet,102.0
billionaire9576,143.0
bimbomarxist,1557.0
binicatalan10,889.0
bisersi,5530.0
bittersweetking,409.0
bkjwordplay,128.0
bl00productions,2282.0
blackandimbetta,186.0
blackfeminizt,817.0
blackmagnet0,150.0
blackmanwinnin,159.0
blackrepublican,183.0
blacks4dream,923.0
blendbykmarie,144.0
blerdconjure,3641.0
blissfulseong,9.0
blkIicorice,924.0
blkbnw,276.0
blkganyu,13.0
blkgiyuu,173.0
blkswn___,115.0
blkwashing,383.0
blomded,135.0
blondedktm,494.0
blondsouI,195.0
blossomgreene,1095.0
blowingups_,182.0
bluebirdblueboy,129.0
bluntspoken,332.0
bmariecake,622.0
bmgyufan,127.0
bnnldy,405.0
boaboa___,1078.0
bobbyloveshoes,1166.0
bobbylovesyoufr,116.0
bobfranklin6969,323.0
bokut0sbtch,799.0
bombaklarkt_,153.0
boob_man_69,571.0
booty_gobblr,241.0
bordersroad,2609.0
boulah_,189.0
boywonderfr,123.0
brandonbihhh,840.0
bratttyyy1,112.0
brattyamore,132.0
brattyvirgo_,133.0
bravo3od,101.0
breadbanditYT1,217.0
breezeanese,250.0
breezy__briii,634.0
breezy_sweatll,22128.0
breezybzzz,615.0
brendenriley2,232.0
bridget123goooo,157.0
briianarenae,125.0
broke_chico,235.0
bronzedke,844.0
brooklyns_jr,334.0
brothajudah,420.0
brothascomics,224.0
brownedcoffee,6613.0
brt_yo,176.0
brvlqm,232.0
brxknwxrldtxny,118.0
bryce_md,115.0
brycie77,301.0
brysbot,191.0
buhleh__,405.0
bummiitch,129.0
burrberryboii,115.0
busansims,2.0
busibabee,203.0
butterflytyun,257.0
bvioletreborn,328.0
bxbyjxrdyn,496.0
byeconic,293.0
c23x048,464.0
cactialtszn3,563.0
califortia,3477.0
callmeslmp,132.0
cam___11,248.0
camallennnn,914.0
camperchann,2088.0
candell130,118.0
cappucinopapi,168.0
cardboardspouse,280.0
cardibdrugedme,146.0
cardifairy,127.0
careyjimzz,143.0
caribenawaters,1619.0
carliiiflower,159.0
carol_xxo,201.0
cascathepagan,1101.0
cassdattass,130.0
catdollss,402.0
ccthekid,104.0
cedellasergel_2,1076.0
cee2wice,264.0
ceeace7,1272.0
cenabantwan,225.0
cgoodwoman,266.0
ch0ppakun,1824.0
ch3mist_Groyp,671.0
chadenclave,110.0
chaeblur,200.0
chaemousse,2090.0
chainlink1488,728.0
champthepen,196.0
chaoticbumpit,1876.0
chara_lpm,521.0
charles270,246.0
charlie12342411,1890.0
chase_rsa,633.0
chelreq,936.0
chelsvvaa,420.0
chemaraxo,240.0
chememejones,196.0
chevasvandel,245.0
chibarbi,132.0
chibicheez,523.0
chick_in_kiev,370.0
chidofauxreal,120.0
childishdiey,516.0
chillny30,162.0
chillpaddeluxe,292.0
chimbiko_jerome,765.0
chinkydejj,128.0
chloebazo,300.0
chokahauntus,913.0
chri5t_LA5,177.0
chriss_geoff,1872.0
christiandeswan,1440.0
christosilk,534.0
chronicldemon,269.0
chujimimi,1295.0
chuks91,528.0
cinnacider,811.0
citygirlshit,536.0
cj_wav,218.0
cl0udesports,149.0
classyk1ng,348.0
classytwat,2475.0
clearpilled,202.0
cletraa,1022.0
cliftonaduncan,11946.0
cloudyjaebeom,300.0
cloverslzt,217.0
clownamphibian,460.0
clownarisha,154.0
clubmarkgirard,173.0
clustorr,184.0
clvtno,230.0
cmiIIion,159.0
cmpunk2315,124.0
coaIburner,2094.0
cocainafricana_,101.0
cocoachennel,200.0
coconumbb,121.0
cocosnbitch,329.0
cokerapist,322.0
cold_lava_,568.0
colderthan__ice,2456.0
colormehappy_,290.0
coltranepoem,160.0
comflex_ak_let,125.0
complexgrl,120.0
confused_JAY,269.0
confusedmiked,176.0
coochie_man_,581.0
coochieblood334,379.0
coochienjoyer,145.0
cool_tr3,130.0
coolrcam,141.0
copyianaa,175.0
corpsemoX__x,24.0
corpsepaki12,4320.0
coucouaaron,117.0
courtenaytaylor,199.0
coyoteluvr,152.0
cps_ikaika,753.0
crackerphobic6,648.0
crankvfx,130.0
crdanexo,825.0
creaminurdreams,282.0
cremaetpill,337.0
crocsandthots,950.0
crownroyalty_98,115.0
crsdsouls,758.0
cruisemaster14,161.0
crybabydommy,125.0
crystalnanette,105.0
ctehkeIa,144.0
cuchiIlos,119.0
culttarie,323.0
curlyhaired_kid,167.0
cute_alima,580.0
cuteboysceo,123.0
cxcainan,159.0
cxceces,438.0
cxxks___,145.0
cyberbiker55,171.0
cyberlifesaiki,241.0
cyborgbussy,132.0
cypheroftyr,49996.0
cyx24,627.0
d4nizwrld,4212.0
dMuzfn,462.0
dacumdemon,167.0
daddyisded,221.0
daddyofdisco,705.0
daharamiii,929.0
daheadbussa317,824.0
dahyesdiet,216.0
daisy11_24,3844.0
dakota__houston,127.0
dallas4topgnf,639.0
dalsonyeos,1083.0
damascoup,334.0
damesnet,216.0
dammitdawg,147.0
danieloladejo__,276.0
danielsslut2,209.0
dansss_98,272.0
dantheoak,2662.0
daralebrun,588.0
darkkingjavi,1513.0
darkwavephoenix,637.0
darlingtondudaz,556.0
davehenshaw10,730.0
david76981715,143.0
davidneedhelp,1388.0
davontenyc,187.0
davynaaaaa,300.0
davysneemen,118.0
dawsonsmeek,283.0
dayhs97,16202.0
dazeXBL,621.0
dcwiththree,184.0
dditeee,435.0
de1uneed,132.0
deaenn,199.0
dean_musk,325.0
deanna_yg,227.0
dearkaylaj,771.0
debunking_ting,204.0
deesvnn,500.0
deeswayyy,161.0
deeznutzlolloll,137.0
delamomanny,121.0
delsiony,160.0
denimh20,1316.0
denzel_oaks,564.0
derdoktorulex,528.0
derekahunter,243.0
derrihun,154.0
desveladoooo,122.0
deunte456,363.0
deviate,220.0
devinnotkevin,225.0
dexfrost23,205.0
dexxe,373.0
dezrrai,882.0
dguapa4,135.0
dhayes_news,397.0
dianxiasrain,108.0
diaperedskylar,978.0
die444shy,483.0
diego06549140,182.0
digableplanetes,265.0
digitaljody,300.0
dimeyybaby,191.0
dinofour20pm,396.0
diorrjoon,222.0
diorsamour,381.0
djkey713,209.0
djstayboomin,557.0
djsumbodysa,153.0
djwavyy,1091.0
dme__363,2259.0
dmih0e,537.0
dojabreaux,2092.0
dojachatroom,238.0
dojawifey,176.0
domain_sensei,160.0
dominacanooo,446.0
domynych,256.0
donabernah,251.0
donatehilltop,172.0
donchasinpape,134.0
doncheezzzzy,471.0
donjuylio,134.0
donotsuspend_1,149.0
dontatmebru,588.0
dontdodruhgs,252.0
dontdoxxme1,228.0
dontplaywitha2,725.0
dontsmileattee,4861.0
doomfie,447.0
dooumoo,117.0
dopeitsKee,2410.0
doubywouby,3425.0
douglasmartini,791.0
dpekunater,231.0
dprwyd,314.0
dr_grahamm,381.0
drakehabibti,526.0
drantbradley,225.0
drboycewatkins1,158.0
drejwalker,327.0
drelasoul_,313.0
dremithius,430.0
drewstarkeyfp,1379.0
drisuschrist,118.0
drocthekid,183.0
drugdeaIeranon,7824.0
dtbpablito,851.0
dtlvnarakel,521.0
duamaximoff,286.0
dubbuhl,147.0
duckinatorious,171.0
ducorwriter,270.0
dumbfordahyun,1024.0
dutchesno1simp,177.0
dyinslowIy,138.0
dyllyp,15749.0
dynamite_80s,305.0
e1uzhun,244.0
eN_Wizame,117.0
eSwanK_9,164.0
earlysunzetz,680.0
earth2her,105.0
earth_inaba,208.0
earthdog_58,172.0
earthluv3r,204.0
eat_it_offme,755.0
eazyyyyH,124.0
eboneezza,403.0
eddyldn_,219.0
edgy_faggot,3064.0
ediiannaa,489.0
eduaradofukawa,180.0
eeeoooeoeooo,867.0
eendjekwakk,123.0
effuaibo,426.0
efnry,1625.0
efored99,365.0
efubialt,149.0
eggfooyoungin,234.0
egirIbongwater,3487.0
ehmonneh_,107.0
einsatzgroyper,507.0
eiramAna0,943.0
eklassb51,147.0
elago_lyetu,176.0
elexistx,154.0
elipet21,1410.0
eltharula,532.0
elwilsonequisde,4814.0
embermuna,2722.0
emersonsbbc,142.0
emmspricktoobig,597.0
emmyujinj,163.0
emociated,683.0
emopadish,1529.0
enclavesexual,279.0
endracism12,101.0
engdika23,247.0
englishautist,1078.0
epicratnigga,420.0
erosxfuck,480.0
erykah_nicole7,133.0
esewrldd,1753.0
essefxndi_II,1449.0
essexhem,378.0
eternaIfever,151.0
ethanjuice,502.0
ethatsalll,605.0
etherealze,1157.0
ethnail,557.0
etoile__sombre,284.0
eunjungle,6462.0
evanswaggg,237.0
everytimeigoout,459.0
evilmaxxin,1728.0
exhausted365,6518.0
ezi6n,300.0
ezsquirt,114.0
f1irtss,147.0
f_ckwatyaheard,209.0
fa1rywingz,111.0
fabulousdnell,3803.0
facemaskron,211.0
fagkyun,124.0
faketitojohnsON,429.0
falensaccharno,8627.0
fariesblood,434.0
farxaan_iv,247.0
fatfeces,343.0
father,4799.0
fatherjosiahpt2,140.0
fatimadxllo,102.0
fatpussyhex,6914.0
favoritermx,663.0
favvea,959.0
fbihatesme,382.0
fckinhorrible,1700.0
febrizlemynizle,665.0
fedoraelijah,211.0
femaledbb,1874.0
femboymujahid,247.0
fessyault,210.0
fgtsdkoala,893.0
filtvrgcf,123.0
finnegansreader,256.0
firstjohnsmith,174.0
flambae00,221.0
flatkata,2.0
flavaaave_,231.0
flcrqiscn,488.0
flippedhatnupe,411.0
flk_tom,316.0
flomiIIis,1288.0
flopkierowca2,623.0
flordiaroots,819.0
foemiemayo,183.0
foesaa,138.0
followloulou,174.0
fomonua,105.0
formerlychuck_,951.0
formulawec481,136.0
fouraythefourth,149.0
foxmccloud82_,382.0
frajer_artur,290.0
frazierapproves,137.0
fredfkd,146.0
freeIDGAF0S,404.0
french4x,927.0
frenchnani17,146.0
frogsknecht,182.0
frogweeeb,770.0
frostedcumbites,500.0
fuckcrackerz,102.0
fullmetalcapi,216.0
funga_bunga,6262.0
furryhak,187.0
fuxkintired,108.0
fwflacko,345.0
g0thb0icIique,156.0
g9jrr,360.0
gabbisharpp,1267.0
gachalive4now,377.0
galactabirkin,126.0
gamma_kit,110.0
ganonqueer,827.0
ganymedeworld,205.0
garbageman5,119.0
garethanoche,177.0
garyJackson,309.0
gassedramma,156.0
gates_64,17.0
gatopretorr,529.0
geraldcain50,274.0
gervais_alleyne,228.0
get_nooky,109.0
getlikemiaah23,219.0
getthesurgery,3152.0
gettinboredd,356.0
gfuckinmoney2,116.0
ggreenwald,174.0
ghanatropicana,378.0
ghettoIovebirds,781.0
ghostjimrocks,116.0
ghostman1502,667.0
ghostofjdavis,10070.0
giajbz0,394.0
ging_hive,538.0
giooo1x,124.0
giveintomestan,109.0
givemeachance92,369.0
giyuunephew,326.0
glamorouzthug,300.0
globohomoagent,3415.0
glockywock,453.0
glow2311,427.0
godlilcousin,2318.0
gogogo6177,496.0
goldensiann,199.0
goldihobi,385.0
gome_guyMw,277.0
goofylinus,171.0
gorelvl,2070.0
got_Sugar4U,243.0
goth__moth,210.0
gothgirlliker,1901.0
gothicfettsack,269.0
gothkatsu,222.0
gottfriedmituns,414.0
graduationkid,198.0
grandtheftdino,1210.0
greatgalaktyka,2972.0
greeneyedasf,340.0
gregtha2nd,321.0
griffE99,409.0
groypusmaximus,124.0
grwmaleek,192.0
gtclark01,676.0
gualtrapa,179.0
gugulethup_,699.0
gvbbylol,159.0
gw33n_tea,680.0
h0mbie,142.0
h0tnem,161.0
h_tobiwankenobi,164.0
haP65,171.0
haasanbarclay,7051.0
haddyj12,475.0
hadleyogarro,598.0
hadrahx,396.0
haelbackwards,508.0
hairu74,135.0
haja2smth,2172.0
hajikgs,334.0
hakdlldldlllll,137.0
hare_terra,21425.0
harperisslime,113.0
harrell_tyrese,491.0
harutody,167.0
hateclubvampire,365.0
havetostaypure,120.0
hawaiianNegro,110.0
hawksbabyyy,894.0
hecugrunt,6.0
heejincunny,1740.0
herNamesNaya,126.0
hersheyhippo,792.0
herusedtampon,26.0
heuristickisses,214.0
hey_lauren_hey,395.0
heyimcrib,158.0
heywhqre,342.0
hidrxnalxrd,830.0
highsociety_k,309.0
hiltsus,801.0
himbim_shim,172.0
hineedmoney,117.0
hisokasjuice,389.0
hispanaslav,1564.0
hiyashuma,158.0
hno5003,116.0
hobbsposting,1099.0
hobmini,245.0
hoiddeigoschn,119.0
holtreign,842.0
honeynoir,141.0
hooyomatalo,1826.0
horlayinka6226,120.0
hornofafrica251,243.0
hornyy_i,3422.0
hosthetic_luv,133.0
hostilecuck,1558.0
hotboimicah,158.0
hovibabyyyy,152.0
hrdmny,901.0
http__chaotic,288.0
humbuggiez,1196.0
humorousman_,124.0
huneybeelotus,442.0
hunter59802211,204.0
hutchinson,279.0
hwa_sArmchair,748.0
hwls1k,272.0
hwls8k,196.0
hwngcentral,175.0
hyeonswh0re,1210.0
hylinia,1097.0
hyperboreanopum,103.0
hyucktheace,568.0
iAmJustJoshnYa,144.0
iCoerceTv,110.0
iLYVase,251.0
iLucidDreamer,732.0
iMajorWish,3167.0
iPipe206,114.0
iRockFakeShoes,463.0
iSwearImMonte,240.0
iTerryTommy,3594.0
i__chiboy,139.0
i_am_tahj,714.0
i_amrogers,479.0
i_amtheproblem,536.0
i_hate_blackies,836.0
i_missiles,474.0
ia_sis,230.0
iamBoss89,108.0
iamRAZAH,337.0
iamhoodforeign,270.0
iamkingchav,132.0
iamlexstylz,11578.0
iamsiaja,324.0
iamstones_,939.0
iamsyrhup,498.0
ibs3_,164.0
ic_giovani,196.0
icanonlybemekh,394.0
ice_aryan,224.0
icecokeandpyrex,145.0
icedancerrr_,184.0
icemnkey,137.0
icooubtw,517.0
icyamamare_,221.0
icyedwardsss,320.0
identicalcrisis,186.0
idntremembr,346.0
idrinkskisnut,265.0
ifasxsafi,776.0
iggenbottom,284.0
igorstheme_,1381.0
igotagunlol,198.0
iheartmixy,175.0
ikissnitro,226.0
iluvchibiis,223.0
ilyclues,247.0
ilyjim1n,5.0
ilysheezy,770.0
imanjoestar,208.0
imansters,112.0
imaybekingsolo,103.0
imchampainpapi,146.0
imeaniguessgirl,315.0
imightbejo,857.0
imsecsee,6164.0
imsoshive__,622.0
imthebossbro,222.0
imtrash40,595.0
inabadango,138.0
inactivekc,160.0
inceIisis,22590.0
incelhitlerism,1802.0
indiKEV,120.0
indiranaomii,108.0
inizmihs,123.0
inmkun_zhybp,614.0
inner_beard,452.0
instructor_judo,474.0
integrapapi,114.0
interlact1,177.0
interntpilled,351.0
intomargot,251.0
invalidsyntaxx,357.0
ioannispolemark,1174.0
iodine_pizzle,208.0
irevybz,125.0
isIandhoe,586.0
isayahg2,1802.0
isco21x,382.0
issaburnerpal,10026.0
istoleyourchain,2439.0
its219AM,186.0
itsB1bitch,115.0
itsCuteJohn,432.0
itsKhutsoR94,299.0
its_Glane,618.0
its__derrixk,183.0
its_intricate,4361.0
its_just_carter,877.0
itschelsee,155.0
itsdvogh,260.0
itselzee,111.0
itsjujubae,3500.0
itskaycarter,5732.0
itsmulalo,414.0
itsnate007,505.0
itsnickimmmmm,5238.0
itstimeforjazz,163.0
itsukiri,270.0
itswacc,336.0
itsyusei_,234.0
itzzbrandyyy,161.0
ivainashe1,238.0
iwasbrain,2184.0
iwastakenjk,332.0
iwokeuplydis,122.0
iwritecoolstuff,2568.0
iyeshamoesha,212.0
j4k02z,160.0
jAugustej,192.0
j_vrrr,111.0
ja_xole,110.0
jadenfelder,307.0
jadinanant,534.0
jadorsinterlude,240.0
jae_peli,145.0
jaehkhei,343.0
jaesleftdimple,1599.0
jahdara_,269.0
jaheimclx,648.0
jahoehee,232.0
jaisushiii,552.0
jakeleged,151.0
jamahledwards,112.0
james_johnson_3,533.0
jamief2009,490.0
jammilbezos,104.0
janetkordei,188.0
jankebabiarz,135.0
jarelldaye,470.0
jarrelol,136.0
jasaeeeee,203.0
jasserravalle,136.0
jawuanamoe,126.0
jax_racist,114.0
jay_bizzzle,198.0
jayarthurjnr,111.0
jaygrover2307,239.0
jayltkh22,372.0
jayndoffy,156.0
jayomadeit,353.0
jayy_belle,440.0
jazza2z,143.0
jdotkdot213,165.0
jeanswhore,328.0
jefeluva,176.0
jeffAjackman,137.0
jeffbepullen,128.0
jejistanie,1134.0
jellocals,217.0
jelloyiddies,520.0
jelxni,470.0
jenemy_,152.0
jensIeigh,240.0
jeremykauffman,16824.0
jeridsex69,205.0
jesstake,315.0
jesuisBAG,207.0
jettyisabitch,302.0
jevans903,388.0
jhidingascarl,130.0
jho_lo925,182.0
jichewy,270.0
jiggypierre,345.0
jihyobaraboda,116.0
jijicals,179.0
jilo_nketiah,288.0
jimwyman5,188.0
jin0x,473.0
jinhyeongsluvr,518.0
jityeezus,494.0
jkb_theRealest,141.0
jlagenii,951.0
jm_ballislife2,143.0
jmoulaaa,675.0
jms_haaa,120.0
jnkhive,371.0
jnkyeom,500.0
jodecivanteee,2071.0
joel_tolins,166.0
john61061140,262.0
jojoxlips,290.0
jokermarv,165.0
jonjay98,112.0
jonredcornbread,3993.0
jordan_trunnell,807.0
jordancoduu,497580.0
jordaninthecut_,286.0
jordansymone_,134.0
jordsss_s,125.0
josephKeisuke,238.0
joshcondone,142.0
josyphhh,810.0
jovie2fresh,251.0
joylandiaa,174.0
joyyyphobic,274.0
jpercival__,1130.0
jpndtheuniverse,527.0
jsbcrib,136.0
jshanelleee,668.0
jst_mike,228.0
jtee72,188.0
jtothadub_,535.0
jturner66,13531.0
juanpi2009_,409.0
judas_jonas,180.0
juhmeer,1136.0
juicyydre_,202.0
julietsgr4ve,5421.0
junhuisbigtoe,172.0
justbetalking,407.0
justin_swanhart,161.0
justinbiria5,387.0
justivorian,1537.0
justjamaya_,10019.0
justnormalcandy,154.0
jxda_,456.0
k0rphon,1414.0
k_booogz,290.0
k_illua,414.0
k_splends,157.0
kafangi,1014.0
kahil_100,2291.0
kaijucantdie,122.0
kaizgrossmezz,126.0
kalashniggov,184.0
kalliyemiii,155.0
kamicloudss,159.0
kammayuroJnr,113.0
karabosometimes,140.0
karlpedro_,616.0
karoblaq,133.0
karri4bootwt,507.0
kateh1kes,135.0
kathodosproodos,2856.0
katlegoktee1998,194.0
katrinajax,143.0
kay_murdaa,434.0
kaylawaylaq,159.0
kcbyoungblood,318.0
kdaniels010,138.0
keecue,184.0
kehlanislefteye,361.0
keiththesimp,150.0
kelvinxco,890.0
kennethvsworld,176.0
kennymait14,151.0
kennythebull,137.0
kenyaaafuckonme,1316.0
ketanima666,424.0
kevintheleven,2608.0
kfcharmian,232.0
khaaani,116.0
khadnis,137.0
khariferrrari,529.0
khayrahxo,985.0
kiIIthenight,139.0
kiaasymonee,119.0
kianaszouai,2089.0
kidlkizzen2,106.0
kiggenkun,392.0
kiiilakam,128.0
kiiissmykitty,571.0
kill_ur_idols34,409.0
killjoybabybomb,511.0
killmesendtweet,2296.0
kimani_wangai,308.0
kimleann__,4839.0
king27559996,109.0
kingMwayie,227.0
king_gyalis,2184.0
king_kazzzz,3321.0
kingfooloo,165.0
kinggloki,5904.0
kinghoward25,167.0
kingvor,139.0
kingwheez,348.0
kingxscott,188.0
kira_bvby,120.0
kirawya,1208.0
kittheedisaster,162.0
kitty_chinks,1185.0
kiyaleshay_,347.0
kjumaemma,292.0
kkkhalidOF,114.0
kklaw0,1574.0
kngmerriweather,176.0
knotchicken,192.0
knowsaho,212.0
kokomadekokomo,119.0
koldmanii,163.0
kooky_jack,182.0
koriindahousee,389.0
koriyona,1823.0
kota_cant_sleep,135.0
koutyan1030kou,123.0
kpopfascism,493.0
krasheem,283.0
kravekilo,105.0
kremkroasan,661.0
kukuteni,531.0
kuma94,2776.0
kumari_strong,1766.0
kuu112525,210.0
kuwuwugi,1575.0
kvh_vieira,217.0
kwab122,2030.0
kwesi_bayie,163.0
kxynan,368.0
ky3onidas__,846.0
kyrairie,145.0
kzshabazz,500.0
lIIIlIllIlIIll,78.0
l_ori_s,116.0
la_sydd,791.0
labooktillaise,388.0
lackkkin,1145.0
ladyhunch0,474.0
ladyyhokage,346.0
lajjsabat,324.0
lamarc2x,2157.0
landonmack82,118.0
langstonok1,449.0
lareseb_,194.0
lashiastarks,119.0
laughoutloudlai,678.0
lauxannette,1611.0
lay4prez,167.0
layloincognegro,115.0
layloqasim,189377.0
lazyfrogfren,150.0
lazysloth900,1749.0
le_aksis,194.0
leafysuhpremacy,3322.0
leavemealonexzz,408.0
ledfordx_x,232.0
leegahyeonsgf,3251.0
leekix_,130.0
leiorlilith,204.0
lekouncensored,128.0
lelanicole03,157.0
leloush21,307.0
leroibrun78,196.0
lesbianoir,8586.0
leslieleeiii,10344.0
let0sama,148.0
lewis_tres,184.0
lextheloon,472.0
lgndary,345.0
libidaur,1154.0
lickDEEsnuts,264.0
lifebygigi,209.0
likeit_dai,152.0
lilbootycrumb,315.0
lilcodys,152.0
lilgapshawty,288.0
lilhuntykara,1136.0
lillillard0,167.0
lilmeatbigdrms,374.0
lilnutsack_,274.0
lilnuttwister,49.0
lilsliss,126.0
limewirereset,376.0
linxxt,216.0
litliltit,454.0
litmallmall,103.0
littlemoonhiden,656.0
livyglizzy,2456.0
lizmemani,320.0
llesklarsoweit,1126.0
llovestefen,539.0
lobotomizedfrog,3480.0
localblackgiirl,116.0
loccohontas,1490.0
locssenpai,1113.0
lohaanda,536.0
loisjohanna,1234.0
lolipussyrapist,136.0
lolnobye0,695.0
lomowentworth,166.0
lonkeromies,135.0
lookingforbucks,536.0
lordMakgoe,122.0
lordfabo1,222.0
lordipshit,125.0
lorenz_831,199.0
lorydeep,136.0
loschbourman,606.0
losherb,207.0
losmerenguez02,219.0
lost_pimp,300.0
lostmmpn219,138.0
louieclipx,131.0
loumskd,183.0
lovakore1,132.0
lovecherrimagic,132.0
lovekingeli,150.0
lovemoremupanta,146.0
loveyouPorcia,2713.0
loyal_nigger,2794.0
lrsfinest,266.0
luhred___,1.0
luminadailee,212.0
lunaryggs,128.0
lushprincess_,170.0
lusoviceroy,2092.0
lustfullyluca,249.0
lutherxhughes,458.0
luvvjaay,418.0
lux719213,190.0
lvjyserena,10884.0
lxoelo,719.0
lynn_etc,216.0
m4ricuri,116.0
m_x7n,160.0
ma_nigger_nas,258.0
maarsdon,229.0
mabaela_,130.0
mabelegion,393.0
mac_DGAF13,219.0
mackmakesmesick,2799.0
madblackdyke,4771.0
madstackspenny1,225.0
magdonaltramp,108.0
magixki,149.0
magnus_adjepong,157.0
magspiggy,109.0
mahhammah,314.0
mahhest,133.0
mahoganycherry_,120.0
maimaiapplepie,1630.0
majorgauravarya,209.0
makaiguest,301.0
makizeninss,266.0
malcolmvenable,280.0
malikb_12,1446.0
mangozjebometal,144.0
manifiles,127.0
manisbab,198.0
mannysupersad,116.0
mantzgebure,17391.0
marceeacaiyea,206.0
marcisgibre,4727.0
margauxwattle,236.0
marianitasadd,341.0
marn_sx,480.0
marquisholmes04,303.0
marsabellla,259.0
marsha_vivinate,189.0
martinlatty265,1087.0
masonfootball77,755.0
massai_tozzi,236.0
master_nzama,186.0
matterhornie,130.0
matthewrushh,132.0
mavi4mayor,1091.0
maxaruth,226.0
maynardmilf,207.0
mazasmoke,462.0
mazncheese,130.0
mckinley_steele,284.0
mdotdagoat,989.0
medsthegrizzly,790.0
meekfashionxl,202.0
meekmmiIII,21.0
megan_camile,186.0
mei__hatsume,736.0
mekalynbaby,352.0
melanie_b06,1795.0
melaninyourgirl,177.0
meleoronoir,122.0
meliodasburner,228.0
mell0wbr1ckroad,2228.0
mellowrokii,101.0
mellowzr,473.0
melxnki,134.0
mentor209,238.0
meowmanifesto,383.0
mercurymiso,2470.0
merkeba201,760.0
messiahthedon,204.0
messibaebae,392.0
metaprophet,2516.0
methgolian,5766.0
mgmqua1k,114.0
miccky_k,126.0
michaelcarter73,207.0
michulahim,355.0
midnitepostman,194.0
mifuckingkaela,244.0
mig___mm,167.0
miglsi,193.0
miguelisthemc,169.0
miilarosey,147.0
mikaymckenz,136.0
mikeandallthat,162.0
mikebuttski25,557.0
mikuappreciator,323.0
milesrhodes123,636.0
milkyfeline,1053.0
milliemeal,130.0
millierocck,344.0
mimiy_fah,159.0
minabaker_,2538.0
mingkitings,512.0
mirkrocs,147.0
mirrorala,299.0
misanthropicc92,255.0
mischievioustam,159.0
misslynii,121.0
missmartaaay,126.0
misterxclusive,104.0
mjkea,473.0
mk_khanyileRSA,635.0
mkknowsball,807.0
mmmmfries,135.0
mmtkred,341.0
mndabeni,438.0
mnl___________,517.0
mochaamour,8167.0
mochmedgraal,364.0
mocking_truth,128.0
moisdum,177.0
mollygurI,512.0
momentswitmo,225.0
momxmi_,350.0
monieeebaby,154.0
monieknowsbest,145.0
monstaX,680.0
moodybitchtm,275.0
moon_aure,2583.0
moonbane8,2135.0
moonjahroo,112.0
moonyoonoh,101.0
morefiendz,515.0
morehonestt,543.0
mothersegz,244.0
motorolaflipfon,207.0
mouncheih,1178.0
mp4_error,159.0
mrshakuu,286.0
mrtunjiao,2044.0
msamiamena,338.0
mskbarrel,5675.0
mslauryntrill,151.0
msmaswala,373.0
msquenphatifah,163.0
mucofreebandz,377.0
muddysituation,474.0
mugiewaraa,140.0
mugisha885,120.0
mujenics,268.0
mullettaek,109.0
murdrmyheart,3854.0
musacabocla,236.0
muser_mystic,122.0
mussqI,114.0
mvsahwenkosi,143.0
mwkl45,108.0
mxrfect,447.0
mxsfxt,136.0
mydoublelife,274.0
mylesocean,455.0
mylifes33034127,182.0
myna1h,114.0
mynameisnotvlad,348.0
mynameisntsam1,423.0
myplayspace,314.0
myth_melancholy,354.0
mythixlly,158.0
mzchoclitee,218.0
n0silla_,432.0
n0vatres,910.0
n3farian,167.0
naaaviaaa,237.0
nachovenusss,540.0
naija_xo,272.0
naijaprince21,608.0
nakaylamonet,360.0
naledimashishi,1295.0
namenkere,324.0
namihive,112.0
namjoonswoman,115.0
naninukamo,288.0
naosoubagrei,364.0
naphjc00,131.0
nappydaddyy,160.0
nappyheadedhxe,155.0
nasdahbk,135.0
nasheezus,932.0
nasrudiinabdul,145.0
natesfiles,340.0
nathana_el_fid0,556.0
natural_belle_,925.0
ndatipo_johanna,971.0
ndcretam,130.0
ndiene4pres,331.0
nduduzok_,138.0
neckmani,324.0
needusername212,149.0
needyarmani,150.0
negroisms,267.0
nelsuspended,167.0
neo_baepi,165.0
neuenegro,123.0
neverdiedonce,378.0
nevytsRX,229.0
newagepoopman35,1275.0
neymarinhoceros,181.0
nhuntwalker,132.0
niacorn2,1003.0
nickgure5,731.0
nickianaprint,298.0
nidahlhamdan,154.0
nifolor,815.0
nigegrbuster,120.0
niggadoriya,161.0
nigger_nogger_,1652.0
nigger_piss,129.0
nigger_trick,127.0
niggorita,156.0
nigjiro,152.0
nigro13014527,287.0
nikkithenewb,145.0
nikkogotbandz,616.0
nimkef,300.0
ninamonei,308.0
nlSaske,974.0
no_drip_demon,755.0
nobodys_talking,432.0
nochillnonge,38150.0
noehoefoe,103.0
noeltheblank,644.0
nokiiyo,570.0
noloo_nolz,941.0
nomebaneesjack,275.0
nonbinar_e,1315.0
noonecaresjess,2826.0
norma_vienne,150.0
nosaj_j,1191.0
notAQ_,344.0
not_oscr_,104.0
not_tayediggs,318.0
notbigoted,252.0
notbookie1,111.0
notcrislin,1627.0
noteberle1,209.0
noterrion,1409.0
notetomariah,980.0
notgazaslim,340.0
notlinda__,201.0
notloseranakin,324.0
notlosignal,989.0
notmoxey,102.0
notnicecptprice,263.0
notreallysurebb,177.0
notsmonk,324.0
nottdeep,9140.0
nottween,146.0
nouser2021,661.0
novawasaghost,149.0
novebmer,138.0
nqobi_vili,931.0
ns_ultra,222.0
ntsikegumedday,609.0
nudynu87,154.0
nukechinaman,264.0
nunfiles,670.0
nunya70570097,130.0
nvncbIs,195.0
nvrmia,138.0
nxbaafnkln,136.0
ny4ny4aaa,244.0
nyanzz3,611.0
nyclneiko,384.0
nyembi_,439.0
nyibrazilianguy,797.0
oCCultRebel,513.0
oG_chriss,156.0
o_colleen_ooo,127.0
oakenwaffle,270.0
obamabeatskids,109.0
obi_nation,236.0
obiwanshanobi1,5664.0
ocho8colocane,251.0
odasblackgf,447.0
oddbri_xo,2460.0
official_CeeYa,231.0
officialron003,153.0
officialzayuh,204.0
ogbrittnayy,236.0
ognisson,652.0
ogodthedeity,1145.0
ohMelKi,3163.0
ohh_tmitch,455.0
ohheyshaee,717.0
ohkneechan,883.0
ohshxtfe,715.0
ohvidax,123.0
oiledbarbiee,2303.0
oj_nigger,219.0
ojdacoochieman,491.0
ojkobs,467.0
okoro_ebubechi,145.0
oldfuck_r,118.0
oldmanebro,7882.0
oldnvyminiskirt,4132.0
oldstockdixie,102.0
oliviasmanager,139.0
olliiviiiaaa1,206.0
oluwatoji,898.0
omar___bakri,119.0
omgitsmejudaea,394.0
omnin111gg33r,118.0
omnomnomdeeznut,114.0
omzinov2,3900.0
onemanwizrd,165.0
online304,3005.0
onyuh_,1760.0
ooimouttahere,438.0
operoesqputa,334.0
opinion_black,238.0
opiumfortendays,1731.0
opsimath6,260.0
orangestinkies,182.0
orondeus,672.0
orphicbjo,978.0
ose_ag,434.0
oshunsbitch,138.0
osobrinhodotio,821.0
ouuullea,111.0
overdraftfee,260.0
overwatchedd,628.0
ovo_tshepi,123.0
owenmantall,128.0
p5rkr,600.0
p6nyo,180.0
pIanethem,812.0
p_pengu,2496.0
paa_cweisy,671.0
paa_quophi_boat,114.0
pablodvnger_,124.0
palc101,103.0
panafrikam,20357.0
pandasidol,614.0
pandoraglory,283.0
pandoras_core,1019.0
panxterax,598.0
papaindies,187.0
paperboiss,285.0
paperboy_Eblaze,408.0
parisskeana,141.0
part1of1a1plan,1185.0
pataconwketchup,138.0
paxdrummond96,143.0
pbutter1x2,53.0
pdelon03,532.0
peni1e,112.0
penisgoblinjew,141.0
pepebuckethat,11522.0
percjordan,283.0
phanny_dantom_,272.0
pharrellelogram,213.0
philenespanol,2652.0
piercedclitz,1454.0
pierreboume,739.0
pilenile,200.0
piss_taker1,1890.0
pixycIub,123.0
pkjinwooo,156.0
plaiboip_,346.0
plainjane203,165.0
playwithyourmom,105.0
plsdontdoitsuh,2076.0
pmoneyduh,1304.0
poacher_james,132.0
podowskie,141.0
pogojm,257.0
poisonivri,2887.0
poisonxivory,827.0
ponazamba,396.0
popegeocities,236.0
popeofkarens,327.0
poppyfl0wer,288.0
poseidontr1dent,135.0
potatobalt,10391.0
poundzLfc,677.0
powell_maatla,132.0
pradaIove,1064.0
presidentmook,2719.0
prettyopp,128.0
prettyurinal,564.0
prettyyads,598.0
prez420,328.0
prmade313raised,897.0
prodbydaiki,616.0
prohelensharpe,372.0
prollynotJasn,316.0
prxncesss_jpgg,7272.0
puff_step_daddy,886.0
punishedsimmons,1030.0
pur1n488,316.0
purplecock71,200.0
puthyfaeri,251.0
pxieskies,870.0
qsworstbehavior,422.0
quaxri,696.0
queen_curator,230.0
queenc1973,108.0
queend236,1366.0
quincillen,112.0
quinnislegend,158.0
quios3,103.0
qurumad,774.0
qvnt_,228.0
r1s3011,144.0
rHQy6zIq0Rdt2vu,167.0
racebanning,756.0
rachealkash,1573.0
racistniggar,105.0
raia6__,495.0
rainyateyourkid,147.0
rakgadi_t,208.0
ramorehooker,117.0
randomnameonlin,196.0
randomstan14,145.0
rapedolfcumler,324.0
rapekillniggers,1257.0
rapist_99999,7531.0
rapistalexjones,345.0
rapistspide_r,632.0
ratchetrica,678.0
ratedc4christal,119.0
rawc00n,384.0
rawdenimonsole,156.0
ray3473,228.0
raybandsssss,140.0
rayshaunacapri,119.0
rayvenj__,795.0
razz_li,119.0
rchyuan,1085.0
real_KO,296.0
realbridavis,209.0
realbrodyglover,1363.0
realdanielemeka,281.0
realemmanueljnr,576.0
realhotgyushit,755.0
realmojobaby,610.0
realmoneymadu,110.0
realrytejay_,111.0
rebeccamoana,560.0
recroomjw,123.0
reddit_TLCM,177.0
reddtg_,171.0
redpiss44,409.0
redreup,716.0
regimentle,502.0
reginaldjoestar,108.0
rei_rapist1488,1156.0
reinirpilled,124.0
relaxyana,232.0
rellfacts,195.0
rellnot,423.0
renixkeaya,426.0
replywithok,816.0
resergent,164.0
reshest_nigger,4879.0
reshrodancer,482.0
resiidentchaos,558.0
ret_ta_go,271.0
retard_yourmom,187.0
revilo250505,144.0
revtheyes,27.0
rezcoles,4731.0
rhaynecoleman,158.0
riconextdoor,354.0
ricophasho1,107.0
ricric_denae,270.0
ridwan,3274.0
rightsactavis,162.0
rinangelz,404.0
riotvexx,1169.0
riouaisiteru,119.0
rjcals,327.0
rlenrlen,551.0
rmani_ia,132.0
rmanovs,2161.0
rob_blakester,642.0
rockstrmade,190.0
rodderick100,126.0
rodimusprime,8158.0
rodney62393789,569.0
rodrigo_alonsot,904.0
roguebaguette,318.0
roidpilled,1122.0
romanoveyes,143.0
ronthacreator,117.0
royasdigitalego,625.0
rrrrr_rrah,371.0
rudeboy_taee,150.0
runninops,2936.0
rushiaphile,878.0
rustedxtongue,142.0
rvygo,158.0
rx_dacian,208.0
s0lid4you,198.0
s0undw4vee,109.0
s1est4_88,167.0
s1n4i,2614.0
s3un09,1540.0
s444dina,195.0
s_mmerkisses,297.0
saadakhushbudar,138.0
sabsavage_,140.0
sadanimator_k,347.0
sadboyinterlude,152.0
sadesekonix,322.0
sadincel,1135.0
sadloverickyy,570.0
sadmospheree,172.0
sadtidddy,1556.0
safiataa,183.0
safierceeee1,244.0
sakuya_nemu,222.0
salvawhoreee,342.0
samaadio,144.0
samdagiraffe,276.0
sameoIemistake,268.0
samkillsyou,105.0
sammdoingstuff,270.0
samuraijaxon,109.0
samuraijongin,1108.0
samxcr,366.0
sanisdying,1002.0
sanstreasures,156.0
santanaworlddd,160.0
santasticc,179.0
satenmadpun,130.0
saturnsurreal,1931.0
savvas2019,119.0
sayfldin_,2227.0
says_shea,205.0
saysahr,344.0
sceneboyvarceee,1825.0
scenefren,745.0
schedelcollect1,101.0
schw4n2,468.0
scotty__too,115.0
scourge399,178.0
screwyoumegn,370.0
selenaristick_,500.0
selfhateful,1946.0
senko1223,247.0
sennin_bruh,1368.0
sentientcrow,515.0
seraph76,1876.0
seulgimaraj,144.0
sevT__T,3208.0
severalchains,192.0
sexhaver98,246.0
sexyanimegamer,10197.0
sexycptprice2,103.0
sh0tgunshane,326.0
sh3_sucks,110.0
sh3abutt3rbby,231.0
sha_getty,119.0
shamisoPeterson,125.0
shankkks,239.0
sharynnxx,295.0
shedIongjr,160.0
shegoesblah,144.0
shehatekage,494.0
shepherd_sondra,501.0
shionnnnsan,428.0
shmmmubz,1273.0
shoelacetay_,289.0
shooterscars,319.0
shooturstylist1,243.0
shotahia,183.0
shqdowsburner,139.0
shugochaara,1018.0
shuvankr,136.0
shuvrajput_,591.0
shvkurr_,106.0
shwayzee68,882.0
shxwnking,512.0
sibambatyoti,104.0
sicamore,5092.0
siegheilgroyper,216.0
sigmafag,2515.0
silknymphe,108.0
silverhatesme,360.0
silverr_phoenix,141.0
simitheslumpgod,214.0
simplerickasap,147.0
simplyy947,256.0
simplyyghetto,4563.0
simuphiweyinkos,159.0
sincerelyRiah,132.0
sirdeeboyd,164.0
sirdiggems,119.0
sirgabbana_,255.0
sirron_a,109.0
sithious,226.0
siviksbloodbird,304.0
sjfrmthe9,132.0
sjostjaerna,208.0
skatpac,4537.0
skeletinzghouls,308.0
slaveowner692,130.0
slim_godaffi,151.0
slimengrimen,426.0
slimo_47,336.0
slink404,540.0
sloppaetoppaee,122.0
sloppytopping,161.0
slowgymshoes,119.0
slowwode,202.0
slttyquanna,163.0
slumpd3s,1185.0
slxmesblade,132.0
smallpoisons,200.0
snezzr,136.0
snixxveras1,150.0
snstvarchetype,257.0
snuggIetwt,1529.0
sofichan_,636.0
soft_g0th,109.0
sogdog4,116.0
sogucci6,601.0
soibouuu,154.0
solanacrtl,327.0
solarbrea,1379.0
solemnlosr,142.0
son_kenzie,408.0
sonageee,240.0
sonigglo,551.0
soobiinstan,112.0
soryshoots,199.0
sossgirll,147.0
sotho_baee,217.0
soundbolt47,10185.0
sourcandymixx,164.0
southernjawl,473.0
sp00kynigga,1331.0
spacecoastshaw,581.0
spaynky,110.0
spinagainya,348.0
spitnslice,137.0
sporcaputtana,974.0
st3lm4ria,108.0
stanthot1,978.0
starve4toji,158.0
stayfloyonce,157.0
staythenightman,1448.0
stb_daniii,348.0
steeleyaman,736.0
stevesanderstax,610.0
stevozone4_,975.0
stoneclay_,505.0
storm_ssbu,221.0
strawcel,1725.0
strenuousxninii,2161.0
strgrlzintrlude,2866.0
stunnnajay,474.0
stuntgdk,2100.0
stuntmane404,120.0
suboceanic,1719.0
suckss4U,268.0
sugaalite,143.0
sugabelly,932.0
sugarsounds_bot,231.0
suhnamjoons,324.0
suicidepussy,4764.0
suirad___,107.0
sujthesujthesuj,356.0
sultanluqx,769.0
summerreneeee,334.0
sunheiler,1167.0
sunideys,182.0
sunnsasha,140.0
sunny_symone,3628.0
superdudesupe,971.0
superrchar,1182.0
supersneedtime,224.0
suprchnk,298.0
suqarpuppy,3682.0
surrendrajit,167.0
sussyaryan,14799.0
suxwtf,244.0
suzy_re_co,138.0
svgartr4p,1270.0
svngirl007,259.0
swa_ausch,1467.0
swastikahearts,127.0
sweet_jac0bs,123.0
sweetest_Tabuu,2858.0
sweetlkcinn4m0n,158.0
swing_axles,943.0
sxintsrevenge,2762.0
syberpunked,396.0
sydnayeee,141.0
szamoonn,123.0
t_chidera,1104.0
tabookazoo,1309.0
taita_apple,7245.0
takemehomewavy,595.0
talentharris,1605.0
talkAbout_KD,161.0
talz_boi,538.0
tammygolden,999.0
tangsanzangz,792.0
tapdotexe,134.0
taradublinrocks,303.0
tarotbtch,313.0
tathamite,474.0
tathienhoa2,193.0
tatidlove,194.0
tavia_cw,176.0
tavion_jackson,1763.0
tawilabnazarat,225.0
taxfrree,1633.0
tay763_,660.0
taydgemini,114.0
taylaa214,228.0
tcallmed,154.0
tdflakes,102.0
teal________,8072.0
tealuvsyou,182.0
teddylj,217.0
teddythelegacy,1561.0
teebaby_igg,354.0
teenwithrage,1822.0
teenzzzo,112.0
tellurium_guy,135.0
tencoIourpen,177.0
tengenmybeloved,121.0
terrayyowo,230.0
tessdotcx,124.0
tetzoojin,368.0
teydicola,711.0
teylashaye,176.0
tezaltacc11,558.0
tha_don07,148.0
thaback3nd,491.0
thaboyjozu,652.0
thami_tom,8367.0
thatbxtchzani,1426.0
thatidomagirl,138.0
thatniggalean,304.0
thatniggaz4ck,1853.0
thatsal49868227,145.0
thatsoshennylee,119.0
the786official,1135.0
theAntiBinge,111.0
theHillisHome,395.0
thePoWer_RangeR,1506.0
theSantapapi,927.0
the_great_azoo,168.0
the_greatgazoo,150.0
theaxeispraxis,600.0
theblaquesheep,2142.0
thebowtieboys,986.0
thebreakfastgod,243.0
thechosenwonn,270.0
thecozyhermit,453.0
thecrnachase,333.0
thecutesalute,387.0
thedes1ch1ck,4224.0
thee_idiot,304.0
theeashleyray,6401.0
theereallord,941.0
thefreeknd,202.0
thegaptoothleo,114.0
thegirljaaeM,128.0
theglowmuva,21370.0
theharpoonman,314.0
theirabyss,323.0
thejennybones,3749.0
thejordansphere,1079.0
thejustjaayyy,102.0
thejuug,135.0
theking_herself,392.0
thekonyjen,2083.0
themaledorian,260.0
themfrecords,1150.0
themicheals,715.0
themightydrake,296.0
thenerdsparkle,160.0
thenineteen98,1321.0
theonly_omari,127.0
theonlypeach_,272.0
thepeacewithiin,123.0
thereaIchieff,1631.0
therealFloZarT,143.0
thereal_topher,120.0
therealstaysoft,750.0
thesashaprofit,942.0
thesinfulpoet,135.0
thestudiofife,128.0
thestupidsac,324.0
thevivianbanks,1306.0
thewaveisdead,1164.0
theworldbytimi,150.0
theyhateonyx,833.0
theyluvmi,1533.0
theywasstalkin,1221.0
thoko__x,2441.0
thoocka,1638.0
thorough_bella,158.0
thotscholar,960.0
thrilliyah,205.0
throwawaypt2,708.0
thtgirljae,115.0
thunderrfrog,194.0
thxrty3,394.0
tiabbea,143.0
tiddiesonfiree,351.0
tinashe4k,117.0
tinasmiph,130.0
tiredIesbian,525.0
tittioes,171.0
tjposting,199.0
tokosyomaru,1060.0
tommy__g619,205.0
toneiross,144.0
tonimarcanoo,240.0
tonio_soul,186.0
tonyashai,13016.0
tonyybeautyy,126.0
tqisdatyou,3613.0
tracphoneshawty,888.0
trailoftears69,1767.0
transgnderizing,207.0
trav1sbickl3,156.0
travionl1,153.0
treaz2x,331.0
treeaston,650.0
treyin,236.0
trickdickdadon,148.0
tricotVEVO,314.0
triggatreash,347.0
triishkaa,704.0
trillnae,113.0
trillsyd_,328.0
trini87,489.0
trippinoveru,791.0
trishingram70,610.0
trizzy_2_times,111.0
troIlhattan,118.0
truthreveal100,1216.0
truwcel,4263.0
tsukuh0mie,156.0
ttamillionaire,120.0
tularosaax,128.0
tuppence1843,992.0
tuvandead,1044.0
twcecore,300.0
twikinegr,448.0
twinkIerenjun,192.0
twinksizedbed,134.0
twintowerpussy,217.0
twinturbotezza,129.0
twkiter,163.0
tykayl,276.0
tyreealexander_,139.0
tyshaqur,188.0
tyutu_unam,167.0
uItraben,4007.0
ubertatar,545.0
uepawes,186.0
uf_aamus,138.0
uglyassjerry,217.0
uhkeylee,209.0
uhnonduh,1085.0
umtamedx,113.0
unbeat4best,640.0
unbrokenpod,750.0
uncleiso,136.0
underrheaven,792.0
unfunnycup,268.0
ungodlylayla,516.0
ungodlynectar,1071.0
unnderctrl,325.0
upstatefederlst,2583.0
urfavbaldhead,376.0
urfavblkperson,207.0
urlbanned,5294.0
us_4irways,168.0
user174023,234.0
utbshad,380.0
uzuisbsf,723.0
vadacult,1276.0
vahlulbitxh,244.0
valuss,360.0
vampire5lut,1096.0
vaultofnoah,918.0
vedastusndaki,1019.0
veetocorleone,144.0
velvetsno,3707.0
venusiandragyn,331.0
verberile,325.0
verdemami,1194.0
vernonleeiii,302.0
veronicacelias,105.0
verymimi,3858.0
vezzyy7,135.0
vhelgywelgy,797.0
vibin7770,153.0
vico_dbn,217.0
vicyll,125.0
vilizwi,197.0
vinsconcubine,4176.0
vinxocent,815.0
violaceousplum,178.0
virgotweet,417.0
virkokka,227.0
vivaLAbobbie,140.0
vivibubb,117.0
vivitron3000,108.0
vivrantgyal,358.0
vivy_midnight,158.0
vllanii,228.0
vlonekaelynn,114.0
vngelique_,116.0
vocalAngel101,128.0
voldykush,110.0
voodooman98,588.0
vqnjaa,300.0
vraremike,159.0
vrilest,756.0
vrilgroyper,795.0
w0kkstarr,665.0
wa_kahugu,434.0
wabfat25,156.0
walkingseemsfun,146.0
warestinqs,936.0
washedd_,373.0
wasthatcalled4,1187.0
wasxar,219.0
watertrevy,2829.0
wavv720,213.0
wavyusuke,849.0
waynelogic,217.0
wayvydon,369.0
weboenojada,1978.0
wedobeguaping,492.0
weluvche,33499.0
weluvtone,764.0
wendy_carterJr,475.0
wewantasiar,135.0
whatifiwasblack,150.0
whatlfiwasblack,7705.0
whatsmahnayme,285.0
whatthedogdoinm,162.0
whereisayame,174.0
wheresNoodles,300.0
whiteler2020,143.0
whitnae16,778.0
who_uzi,364.0
whoisSkynot,1265.0
whore4lexia,1021.0
whotag69,360.0
whtglato,639.0
wigsburn,826.0
wikileaks,66861.0
wildcatpeace,351.0
willina_m,3976.0
willwall1270,138.0
winestainedwhor,116.0
wisht0t,239.0
with_pha,705.0
wizardinblackk,249.0
wiztizy,300.0
wkamaubell,4044.0
womenstalker24,144.0
woosluver,434.0
wponizedautism,196.0
wrong_speak,141.0
wuzuii,124.0
wwwinco,382.0
wydconnviqs,430.0
x3mism,512.0
xDAMELIOx,902.0
xIvyLeague,186.0
xKingDodongo,118.0
xQueenMelaninxx,347.0
xRAVINGTON,289.0
xXxTreaderxXx,7888.0
xZachPhillipsx,1350.0
x_mondoo,135.0
xarvels,328.0
xashkardashx,367.0
xavthechav19,118.0
xclsvZERO,12771.0
xcvDai,5099.0
xdeangeloh,263.0
xkittenspacex,254.0
xmxonster,156.0
xochini,444.0
xolaniXnkosi,454.0
xomarenahxo,103.0
xounbotheredxo,233.0
xshxnti_,150.0
xsupahgaming,154.0
xtxul,147.0
xuma___,304.0
xxxjanel,231.0
xyxyasf,120.0
xyz_valerie,396.0
xzaviier_,200.0
y2_26,135.0
y4nso,108.0
y7nghees,217.0
yahseeyah,340.0
yandhiisntreal,777.0
yanlisgff,452.0
yasirfnx,154.0
yastyaxo,231.0
yawshev,320.0
yayabeautee,546.0
ybhchanel,196.0
yeaitstrill,10033.0
yellowlampoon,198.0
yelshapoliti,448.0
yeoluvn,147.0
yeoreunseo,146.0
yesimjaylen,182.0
yesmaralook,206.0
yhakerraa,994.0
yikesdotedu,142.0
yjidollz,492.0
ymele17,172.0
ymondnLOL,358.0
yoalejop,151.0
yogimclovin,102.0
yohvnblvck,784.0
yolilboifrien,686.0
yorodieng,129.0
youcaantkillme,1366.0
youngWILT_,1195.0
youngbossvic,2090.0
youngcourt214,264.0
yourboyroy47,146.0
yourfavetally,890.0
yourhaja,744.0
ypazovamplife,126.0
ytgirlsaysnword,251.0
ytnchubz2,557.0
yukanyakano,117.0
yummy_turtle,308.0
yung_scoopgod,150.0
yungbapp,546.0
yunginnbby,322.0
yungsig,1314.0
yungstockmoney,242.0
yuptoni,174.0
yuutaisgay,114.0
yvng_serr,1352.0
yxngDrxzzy,330.0
yxngperiodblood,676.0
z00t1d,111.0
zaechunggg,657.0
zakiwillis141,451.0
zalesone,141.0
zawalol,327.0
zayischillinn,120.0
zaynabismailxx,378.0
zayzay_brown,1086.0
zerodotexe_,208.0
ziiiiibrire_sub,217.0
zillionaire_,114.0
zimkhitha4,259.0
zion4prez,140.0
zoharlogos,1011.0
zoliit,110.0
zoranealehurtin,1957.0
zoroscult,112.0
zvtjlpxx81624,274.0
zxxkf_,1088.0
zxynluvbot,184.0
zzzcfanpage,267.0
